Wed May 18 08:07:25 2022,0:00:50.296529,0.2565533879661332,24.43000030517578,1.1758921146392822,1.676842451095581
Wed May 18 08:08:23 2022,0:01:47.714366,0.2565540030053654,24.43000030517578,1.1700607538223267,1.6685266494750977
Wed May 18 08:09:20 2022,0:02:45.104443,0.2565537183805141,24.43000030517578,1.1727705001831055,1.672640085220337
Wed May 18 08:10:18 2022,0:03:42.468936,0.25655343375566275,24.420000076293945,1.1754802465438843,1.6767535209655762
Wed May 18 08:11:15 2022,0:04:39.927119,0.25655378692388237,24.420000076293945,1.1721537709236145,1.6725069880485535
Wed May 18 08:12:12 2022,0:05:37.264695,0.25655352525092795,24.399999618530273,1.1746569871902466,1.6765758991241455
Wed May 18 08:13:10 2022,0:06:34.650184,0.25655352525092795,24.399999618530273,1.1746569871902466,1.6765758991241455
Wed May 18 08:14:07 2022,0:07:32.025572,0.2565536166547817,24.3799991607666,1.1738346815109253,1.6763980388641357
Wed May 18 08:15:05 2022,0:08:29.396479,0.2565536166547817,24.3799991607666,1.1738346815109253,1.6763980388641357
Wed May 18 08:16:02 2022,0:09:26.745020,0.25655352525092795,24.399999618530273,1.1746569871902466,1.6765758991241455
Wed May 18 08:16:59 2022,0:10:24.121233,0.25655352525092795,24.399999618530273,1.1746569871902466,1.6765758991241455
Wed May 18 08:17:57 2022,0:11:21.501367,0.25655352525092795,24.399999618530273,1.1746569871902466,1.6765758991241455
Wed May 18 08:18:54 2022,0:12:18.887265,0.25655352525092795,24.399999618530273,1.1746569871902466,1.6765758991241455
Wed May 18 08:19:51 2022,0:13:16.274459,0.25655352525092795,24.399999618530273,1.1746569871902466,1.6765758991241455
Wed May 18 08:20:49 2022,0:14:13.644246,0.25655352525092795,24.399999618530273,1.1746569871902466,1.6765758991241455
Wed May 18 08:21:46 2022,0:15:11.033579,0.25655374117624974,24.420000076293945,1.1725654006004333,1.6725957989692688
Wed May 18 08:22:44 2022,0:16:08.394947,0.2565540485968368,24.420000076293945,1.1696505546569824,1.6684380769729614
Wed May 18 08:23:41 2022,0:17:05.722738,0.2565533879661332,24.43000030517578,1.1758921146392822,1.676842451095581
Wed May 18 08:24:38 2022,0:18:03.111154,0.2565536954857493,24.43000030517578,1.1729764342308044,1.6726845502853394
Wed May 18 08:25:36 2022,0:19:00.484944,0.2565537183805141,24.425000190734863,1.1727705001831055,1.672640085220337
Wed May 18 08:26:33 2022,0:19:57.816143,0.25655343375566275,24.420000076293945,1.1754802465438843,1.6767535209655762
Wed May 18 08:27:30 2022,0:20:55.149957,0.25655343375566275,24.420000076293945,1.1754802465438843,1.6767535209655762
Wed May 18 08:28:28 2022,0:21:52.475746,0.25655352525092795,24.399999618530273,1.1746569871902466,1.6765758991241455
Wed May 18 08:29:25 2022,0:22:49.818867,0.2565536166547817,24.3799991607666,1.1738346815109253,1.6763980388641357
Wed May 18 08:30:22 2022,0:23:47.210163,0.25655370782248915,24.35999870300293,1.1730144023895264,1.676221489906311
Wed May 18 08:31:20 2022,0:24:44.566801,0.25655370782248915,24.35999870300293,1.1730144023895264,1.676221489906311
Wed May 18 08:32:17 2022,0:25:41.974446,0.25655370782248915,24.35999870300293,1.1730144023895264,1.676221489906311
Wed May 18 08:33:14 2022,0:26:39.317702,0.2565540146260487,24.35999870300293,1.1701050996780396,1.672064185142517
Wed May 18 08:34:12 2022,0:27:36.677957,0.25655370782248915,24.35999870300293,1.1730144023895264,1.676221489906311
Wed May 18 08:35:09 2022,0:28:34.080583,0.25655370782248915,24.35999870300293,1.1730144023895264,1.676221489906311
Wed May 18 08:36:07 2022,0:29:31.432412,0.25655370782248915,24.35999870300293,1.1730144023895264,1.676221489906311
Wed May 18 08:37:04 2022,0:30:28.840961,0.25655370782248915,24.35999870300293,1.1730144023895264,1.676221489906311
Wed May 18 08:38:01 2022,0:31:26.231123,0.25655370782248915,24.35999870300293,1.1730144023895264,1.676221489906311
Wed May 18 08:38:59 2022,0:32:23.605735,0.2565536166547817,24.3799991607666,1.1738346815109253,1.6763980388641357
Wed May 18 08:39:56 2022,0:33:20.993372,0.2565536166547817,24.3799991607666,1.1738346815109253,1.6763980388641357
Wed May 18 08:40:53 2022,0:34:18.337857,0.2565536166547817,24.3799991607666,1.1738346815109253,1.6763980388641357
Wed May 18 08:41:51 2022,0:35:15.680759,0.2565536166547817,24.3799991607666,1.1738346815109253,1.6763980388641357
Wed May 18 08:42:48 2022,0:36:13.064661,0.2565536166547817,24.3799991607666,1.1738346815109253,1.6763980388641357
Wed May 18 08:43:46 2022,0:37:10.412538,0.25655370782248915,24.35999870300293,1.1730144023895264,1.676221489906311
Wed May 18 08:44:43 2022,0:38:07.757069,0.25655370782248915,24.35999870300293,1.1730144023895264,1.676221489906311
Wed May 18 08:45:40 2022,0:39:05.183701,0.2565537987921384,24.34000015258789,1.1721959114074707,1.6760462522506714
Wed May 18 08:46:38 2022,0:40:02.556710,0.2565538897694053,24.31999969482422,1.1713773012161255,1.6758694648742676
Wed May 18 08:47:35 2022,0:40:59.945524,0.2565539804343496,24.299999237060547,1.17056143283844,1.6756951808929443
Wed May 18 08:48:32 2022,0:41:57.305849,0.25655407128211694,24.279998779296875,1.1697436571121216,1.675516963005066
Wed May 18 08:49:30 2022,0:42:54.680686,0.2565541165231776,24.26999855041504,1.1693365573883057,1.6754299402236938
Wed May 18 08:50:27 2022,0:43:52.082578,0.2565540939026473,24.274998664855957,1.1695401072502136,1.6754734516143799
Wed May 18 08:51:25 2022,0:44:49.457409,0.25655407128211694,24.279998779296875,1.1697436571121216,1.675516963005066
Wed May 18 08:52:22 2022,0:45:46.832333,0.25655407128211694,24.279998779296875,1.1697436571121216,1.675516963005066
Wed May 18 08:53:19 2022,0:46:44.207959,0.25655407128211694,24.279998779296875,1.1697436571121216,1.675516963005066
Wed May 18 08:54:17 2022,0:47:41.563971,0.25655407128211694,24.279998779296875,1.1697436571121216,1.675516963005066
Wed May 18 08:55:14 2022,0:48:38.949770,0.2565539804343496,24.299999237060547,1.17056143283844,1.6756951808929443
Wed May 18 08:56:11 2022,0:49:36.291457,0.2565538897694053,24.31999969482422,1.1713773012161255,1.6758694648742676
Wed May 18 08:57:09 2022,0:50:33.638677,0.25655370782248915,24.35999870300293,1.1730144023895264,1.676221489906311
Wed May 18 08:58:06 2022,0:51:31.029636,0.2565535709528548,24.389999389648438,1.174245834350586,1.6764869689941406
Wed May 18 08:59:04 2022,0:52:28.401703,0.25655343375566275,24.420000076293945,1.1754802465438843,1.6767535209655762
Wed May 18 09:00:01 2022,0:53:25.754771,0.25655334213851555,24.4399995803833,1.1763043999671936,1.6769312620162964
Wed May 18 09:00:58 2022,0:54:23.112998,0.2565531125205171,24.489999771118164,1.1783698797225952,1.6773768663406372
Wed May 18 09:01:56 2022,0:55:20.485561,0.2565531125205171,24.489999771118164,1.1783698797225952,1.6773768663406372
Wed May 18 09:02:53 2022,0:56:17.845745,0.2565531125205171,24.489999771118164,1.1783698797225952,1.6773768663406372
Wed May 18 09:03:50 2022,0:57:15.218214,0.2565531125205171,24.489999771118164,1.1783698797225952,1.6773768663406372
Wed May 18 09:04:48 2022,0:58:12.619019,0.2565531125205171,24.489999771118164,1.1783698797225952,1.6773768663406372
Wed May 18 09:05:45 2022,0:59:10.014920,0.2565531585233401,24.479999542236328,1.1779560446739197,1.677287220954895
Wed May 18 09:06:42 2022,1:00:07.377909,0.2565532504185305,24.459999084472656,1.1771294474601746,1.6771088242530823
Wed May 18 09:07:40 2022,1:01:04.753249,0.2565532963108979,24.44999885559082,1.176716685295105,1.6770200729370117
Wed May 18 09:08:37 2022,1:02:02.125512,0.2565532963108979,24.44999885559082,1.176716685295105,1.6770200729370117
Wed May 18 09:09:35 2022,1:02:59.511872,0.2565532963108979,24.44999885559082,1.176716685295105,1.6770200729370117
Wed May 18 09:10:32 2022,1:03:56.946665,0.25655320452616304,24.469999313354492,1.1775422096252441,1.6771975755691528
Wed May 18 09:11:29 2022,1:04:54.315807,0.25655320452616304,24.469999313354492,1.1775422096252441,1.6771975755691528
Wed May 18 09:12:27 2022,1:05:51.691916,0.25655320452616304,24.469999313354492,1.1775422096252441,1.6771975755691528
Wed May 18 09:13:24 2022,1:06:49.118745,0.2565531585233401,24.479999542236328,1.1779560446739197,1.677287220954895
Wed May 18 09:14:22 2022,1:07:46.488656,0.2565531125205171,24.489999771118164,1.1783698797225952,1.6773768663406372
Wed May 18 09:15:19 2022,1:08:43.880659,0.2565531125205171,24.489999771118164,1.1783698797225952,1.6773768663406372
Wed May 18 09:16:16 2022,1:09:41.245994,0.2565530204996359,24.510000228881836,1.1791974306106567,1.6775543689727783
Wed May 18 09:17:14 2022,1:10:38.577416,0.2565530204996359,24.510000228881836,1.1791974306106567,1.6775543689727783
Wed May 18 09:18:11 2022,1:11:35.966916,0.2565530204996359,24.510000228881836,1.1791974306106567,1.6775543689727783
Wed May 18 09:19:08 2022,1:12:33.356004,0.2565530204996359,24.510000228881836,1.1791974306106567,1.6775543689727783
Wed May 18 09:20:06 2022,1:13:30.724918,0.2565530204996359,24.510000228881836,1.1791974306106567,1.6775543689727783
Wed May 18 09:21:03 2022,1:14:28.096635,0.2565530204996359,24.510000228881836,1.1791974306106567,1.6775543689727783
Wed May 18 09:22:01 2022,1:15:25.439060,0.2565531125205171,24.479999542236328,1.1783698797225952,1.6773768663406372
Wed May 18 09:22:58 2022,1:16:22.827510,0.2565528950564355,24.469999313354492,1.180476188659668,1.6813764572143555
Wed May 18 09:23:55 2022,1:17:20.210156,0.25655320452616304,24.469999313354492,1.1775422096252441,1.6771975755691528
Wed May 18 09:24:53 2022,1:18:17.568165,0.25655320452616304,24.469999313354492,1.1775422096252441,1.6771975755691528
Wed May 18 09:25:50 2022,1:19:14.970863,0.2565532504185305,24.44999885559082,1.1771294474601746,1.6771088242530823
Wed May 18 09:26:47 2022,1:20:12.349127,0.2565532504185305,24.44999885559082,1.1771294474601746,1.6771088242530823
Wed May 18 09:27:45 2022,1:21:09.727238,0.2565532504185305,24.44999885559082,1.1771294474601746,1.6771088242530823
Wed May 18 09:28:42 2022,1:22:07.112658,0.25655320452616304,24.469999313354492,1.1775422096252441,1.6771975755691528
Wed May 18 09:29:40 2022,1:23:04.453774,0.25655320452616304,24.469999313354492,1.1775422096252441,1.6771975755691528
Wed May 18 09:30:37 2022,1:24:01.828986,0.25655320452616304,24.469999313354492,1.1775422096252441,1.6771975755691528
Wed May 18 09:31:34 2022,1:24:59.229078,0.2565531125205171,24.489999771118164,1.1783698797225952,1.6773768663406372
Wed May 18 09:32:32 2022,1:25:56.588117,0.2565531125205171,24.489999771118164,1.1783698797225952,1.6773768663406372
Wed May 18 09:33:29 2022,1:26:53.983486,0.25655306651007653,24.5,1.178783655166626,1.6774656176567078
Wed May 18 09:34:26 2022,1:27:51.354038,0.2565530204996359,24.510000228881836,1.1791974306106567,1.6775543689727783
Wed May 18 09:35:24 2022,1:28:48.736893,0.2565530204996359,24.510000228881836,1.1791974306106567,1.6775543689727783
Wed May 18 09:36:21 2022,1:29:46.164608,0.2565530204996359,24.489999771118164,1.1791974306106567,1.6775543689727783
Wed May 18 09:37:19 2022,1:30:43.483553,0.2565531125205171,24.489999771118164,1.1783698797225952,1.6773768663406372
Wed May 18 09:38:16 2022,1:31:40.810872,0.2565528490536126,24.469999313354492,1.1808900237083435,1.6814661026000977
Wed May 18 09:39:13 2022,1:32:38.187418,0.2565528950564355,24.469999313354492,1.180476188659668,1.6813764572143555
Wed May 18 09:40:11 2022,1:33:35.557508,0.2565528950564355,24.469999313354492,1.180476188659668,1.6813764572143555
Wed May 18 09:41:08 2022,1:34:32.901824,0.25655320452616304,24.469999313354492,1.1775422096252441,1.6771975755691528
Wed May 18 09:42:05 2022,1:35:30.279026,0.25655320452616304,24.469999313354492,1.1775422096252441,1.6771975755691528
Wed May 18 09:43:03 2022,1:36:27.638978,0.25655320452616304,24.469999313354492,1.1775422096252441,1.6771975755691528
Wed May 18 09:44:00 2022,1:37:25.043017,0.2565528950564355,24.469999313354492,1.180476188659668,1.6813764572143555
Wed May 18 09:44:58 2022,1:38:22.426529,0.256552585586708,24.469999313354492,1.1834101676940918,1.685555338859558
Wed May 18 09:45:55 2022,1:39:19.795288,0.256552802841305,24.489999771118164,1.181305706501007,1.6815559267997742
Wed May 18 09:46:52 2022,1:40:17.222479,0.2565531125205171,24.489999771118164,1.1783698797225952,1.6773768663406372
Wed May 18 09:47:50 2022,1:41:14.586355,0.2565530204996359,24.510000228881836,1.1791974306106567,1.6775543689727783
Wed May 18 09:48:47 2022,1:42:11.933508,0.256552710614748,24.510000228881836,1.1821351051330566,1.6817336082458496
Wed May 18 09:49:44 2022,1:43:09.298208,0.2565524007298601,24.510000228881836,1.1850727796554565,1.685912847518921
Wed May 18 09:50:42 2022,1:44:06.655030,0.2565524007298601,24.510000228881836,1.1850727796554565,1.685912847518921
Wed May 18 09:51:39 2022,1:45:04.031368,0.2565524007298601,24.510000228881836,1.1850727796554565,1.685912847518921
Wed May 18 09:52:36 2022,1:46:01.377105,0.2565524007298601,24.510000228881836,1.1850727796554565,1.685912847518921
Wed May 18 09:53:34 2022,1:46:58.736116,0.25655249316209283,24.510000228881836,1.184241533279419,1.6857349872589111
Wed May 18 09:54:31 2022,1:47:56.142856,0.2565525393744004,24.479999542236328,1.1838258504867554,1.6856451630592346
Wed May 18 09:55:29 2022,1:48:53.499298,0.2565528490536126,24.489999771118164,1.1808900237083435,1.6814661026000977
Wed May 18 09:56:26 2022,1:49:50.910129,0.256552585586708,24.469999313354492,1.1834101676940918,1.685555338859558
Wed May 18 09:57:23 2022,1:50:48.269080,0.256552585586708,24.469999313354492,1.1834101676940918,1.685555338859558
Wed May 18 09:58:21 2022,1:51:45.610919,0.256552585586708,24.469999313354492,1.1834101676940918,1.685555338859558
Wed May 18 09:59:18 2022,1:52:43.001344,0.256552585586708,24.469999313354492,1.1834101676940918,1.685555338859558
Wed May 18 10:00:15 2022,1:53:40.370214,0.256552585586708,24.489999771118164,1.1834101676940918,1.685555338859558
Wed May 18 10:01:13 2022,1:54:37.716156,0.25655249316209283,24.489999771118164,1.184241533279419,1.6857349872589111
Wed May 18 10:02:10 2022,1:55:35.101096,0.25655249316209283,24.489999771118164,1.184241533279419,1.6857349872589111
Wed May 18 10:03:08 2022,1:56:32.457931,0.2565530204996359,24.510000228881836,1.1791974306106567,1.6775543689727783
Wed May 18 10:04:05 2022,1:57:29.818005,0.2565524007298601,24.510000228881836,1.1850727796554565,1.685912847518921
Wed May 18 10:05:02 2022,1:58:27.207576,0.2565526181825152,24.529998779296875,1.1829664707183838,1.681912899017334
Wed May 18 10:06:00 2022,1:59:24.566426,0.25655230809195145,24.529998779296875,1.1859060525894165,1.6860922574996948
Wed May 18 10:06:57 2022,2:00:21.957010,0.25655230809195145,24.529998779296875,1.1859060525894165,1.6860922574996948
Wed May 18 10:07:54 2022,2:01:19.315511,0.25655230809195145,24.529998779296875,1.1859060525894165,1.6860922574996948
Wed May 18 10:08:52 2022,2:02:16.712179,0.25655230809195145,24.529998779296875,1.1859060525894165,1.6860922574996948
Wed May 18 10:09:49 2022,2:03:14.145113,0.25655235441090574,24.529998779296875,1.1854894161224365,1.6860025525093079
Wed May 18 10:10:47 2022,2:04:11.505380,0.2565524007298601,24.510000228881836,1.1850727796554565,1.685912847518921
Wed May 18 10:11:44 2022,2:05:08.866245,0.25655230809195145,24.529998779296875,1.1859060525894165,1.6860922574996948
Wed May 18 10:12:41 2022,2:06:06.271877,0.25655230809195145,24.529998779296875,1.1859060525894165,1.6860922574996948
Wed May 18 10:13:39 2022,2:07:03.630060,0.2565522153169256,24.549999237060547,1.1867402791976929,1.6862716674804688
Wed May 18 10:14:36 2022,2:08:01.018741,0.2565522153169256,24.549999237060547,1.1867402791976929,1.6862716674804688
Wed May 18 10:15:34 2022,2:08:58.406403,0.25655212228290064,24.56999969482422,1.1875768899917603,1.686453104019165
Wed May 18 10:16:31 2022,2:09:55.768175,0.2565520757163736,24.579999923706055,1.1879956722259521,1.6865437030792236
Wed May 18 10:17:28 2022,2:10:53.158587,0.2565520757163736,24.579999923706055,1.1879956722259521,1.6865437030792236
Wed May 18 10:18:26 2022,2:11:50.531673,0.256551982674731,24.600000381469727,1.18883216381073,1.686722993850708
Wed May 18 10:19:23 2022,2:12:47.921316,0.2565518893664716,24.619998931884766,1.189671277999878,1.6869041919708252
Wed May 18 10:20:20 2022,2:13:45.317142,0.2565518893664716,24.619998931884766,1.189671277999878,1.6869041919708252
Wed May 18 10:21:18 2022,2:14:42.695380,0.25655179593633026,24.639999389648438,1.1905112266540527,1.6870851516723633
Wed May 18 10:22:15 2022,2:15:40.104187,0.25655170225480733,24.65999984741211,1.191353440284729,1.6872680187225342
Wed May 18 10:23:13 2022,2:16:37.478936,0.25655170225480733,24.65999984741211,1.191353440284729,1.6872680187225342
Wed May 18 10:24:10 2022,2:17:34.837168,0.25655179593633026,24.639999389648438,1.1905112266540527,1.6870851516723633
Wed May 18 10:25:07 2022,2:18:32.285067,0.25655179593633026,24.639999389648438,1.1905112266540527,1.6870851516723633
Wed May 18 10:26:05 2022,2:19:29.675035,0.2565518893664716,24.619998931884766,1.189671277999878,1.6869041919708252
Wed May 18 10:27:02 2022,2:20:27.078585,0.2565518893664716,24.619998931884766,1.189671277999878,1.6869041919708252
Wed May 18 10:28:00 2022,2:21:24.457839,0.2565518893664716,24.619998931884766,1.189671277999878,1.6869041919708252
Wed May 18 10:28:57 2022,2:22:21.878300,0.2565518893664716,24.619998931884766,1.189671277999878,1.6869041919708252
Wed May 18 10:29:54 2022,2:23:19.284872,0.2565518893664716,24.619998931884766,1.189671277999878,1.6869041919708252
Wed May 18 10:30:52 2022,2:24:16.683936,0.2565518893664716,24.619998931884766,1.189671277999878,1.6869041919708252
Wed May 18 10:31:49 2022,2:25:14.126365,0.25655179593633026,24.639999389648438,1.1905112266540527,1.6870851516723633
Wed May 18 10:32:47 2022,2:26:11.533210,0.25655179593633026,24.639999389648438,1.1905112266540527,1.6870851516723633
Wed May 18 10:33:44 2022,2:27:08.940794,0.25655170225480733,24.65999984741211,1.191353440284729,1.6872680187225342
Wed May 18 10:34:41 2022,2:28:06.346652,0.25655170225480733,24.65999984741211,1.191353440284729,1.6872680187225342
Wed May 18 10:35:39 2022,2:29:03.765751,0.2565516086037549,24.68000030517578,1.1921952962875366,1.6874489784240723
Wed May 18 10:36:36 2022,2:30:01.173976,0.2565516086037549,24.68000030517578,1.1921952962875366,1.6874489784240723
Wed May 18 10:37:34 2022,2:30:58.566612,0.2565515147089386,24.69999885559082,1.1930394172668457,1.6876318454742432
Wed May 18 10:38:31 2022,2:31:55.945604,0.25655156165634674,24.68000030517578,1.1926173567771912,1.6875404119491577
Wed May 18 10:39:28 2022,2:32:53.330434,0.2565516086037549,24.68000030517578,1.1921952962875366,1.6874489784240723
Wed May 18 10:40:26 2022,2:33:50.715304,0.25655170225480733,24.65999984741211,1.191353440284729,1.6872680187225342
Wed May 18 10:41:23 2022,2:34:48.142901,0.25655170225480733,24.65999984741211,1.191353440284729,1.6872680187225342
Wed May 18 10:42:21 2022,2:35:45.528376,0.25655170225480733,24.649999618530273,1.191353440284729,1.6872680187225342
Wed May 18 10:43:18 2022,2:36:42.913337,0.25655179593633026,24.639999389648438,1.1905112266540527,1.6870851516723633
Wed May 18 10:44:15 2022,2:37:40.259545,0.25655179593633026,24.639999389648438,1.1905112266540527,1.6870851516723633
Wed May 18 10:45:13 2022,2:38:37.595600,0.2565517490955688,24.639999389648438,1.1909323334693909,1.6871765851974487
Wed May 18 10:46:10 2022,2:39:34.959466,0.25655170225480733,24.65999984741211,1.191353440284729,1.6872680187225342
Wed May 18 10:47:07 2022,2:40:32.349900,0.25655170225480733,24.65999984741211,1.191353440284729,1.6872680187225342
Wed May 18 10:48:05 2022,2:41:29.730267,0.2565516086037549,24.670000076293945,1.1921952962875366,1.6874489784240723
Wed May 18 10:49:02 2022,2:42:27.173592,0.2565516086037549,24.68000030517578,1.1921952962875366,1.6874489784240723
Wed May 18 10:50:00 2022,2:43:24.552502,0.2565515147089386,24.69999885559082,1.1930394172668457,1.6876318454742432
Wed May 18 10:50:57 2022,2:44:21.909999,0.2565515147089386,24.69999885559082,1.1930394172668457,1.6876318454742432
Wed May 18 10:51:54 2022,2:45:19.276490,0.25655142068462267,24.719999313354492,1.1938846111297607,1.687814474105835
Wed May 18 10:52:52 2022,2:46:16.608960,0.25655142068462267,24.719999313354492,1.1938846111297607,1.687814474105835
Wed May 18 10:53:49 2022,2:47:13.969468,0.25655142068462267,24.719999313354492,1.1938846111297607,1.687814474105835
Wed May 18 10:54:46 2022,2:48:11.344066,0.25655142068462267,24.719999313354492,1.1938846111297607,1.687814474105835
Wed May 18 10:55:44 2022,2:49:08.678926,0.2565514676967806,24.709999084472656,1.1934620141983032,1.687723159790039
Wed May 18 10:56:41 2022,2:50:06.035894,0.2565515147089386,24.69999885559082,1.1930394172668457,1.6876318454742432
Wed May 18 10:57:38 2022,2:51:03.367241,0.2565515147089386,24.69999885559082,1.1930394172668457,1.6876318454742432
Wed May 18 10:58:36 2022,2:52:00.740344,0.25655124843494015,24.69999885559082,1.1955857276916504,1.6917418837547302
Wed May 18 10:59:33 2022,2:52:58.139109,0.2565516086037549,24.68000030517578,1.1921952962875366,1.6874489784240723
Wed May 18 11:00:31 2022,2:53:55.506935,0.2565512953823483,24.68000030517578,1.1951636672019958,1.6916504502296448
Wed May 18 11:01:28 2022,2:54:52.853005,0.2565512953823483,24.68000030517578,1.1951636672019958,1.6916504502296448
Wed May 18 11:02:25 2022,2:55:50.282012,0.2565516086037549,24.68000030517578,1.1921952962875366,1.6874489784240723
Wed May 18 11:03:23 2022,2:56:47.660081,0.2565508878319208,24.69999885559082,1.1989799737930298,1.6960350275039673
Wed May 18 11:04:20 2022,2:57:45.039945,0.2565515147089386,24.69999885559082,1.1930394172668457,1.6876318454742432
Wed May 18 11:05:18 2022,2:58:42.420779,0.2565515147089386,24.69999885559082,1.1930394172668457,1.6876318454742432
Wed May 18 11:06:15 2022,2:59:39.830400,0.25655142068462267,24.719999313354492,1.1938846111297607,1.687814474105835
Wed May 18 11:07:12 2022,3:00:37.252279,0.25655079338101805,24.719999313354492,1.1998291015625,1.6962182521820068
Wed May 18 11:08:10 2022,3:01:34.624188,0.2565513264089252,24.739999771118164,1.1947320699691772,1.6879990100860596
Wed May 18 11:09:07 2022,3:02:31.997392,0.2565510125514471,24.739999771118164,1.1977061033248901,1.6922009587287903
Wed May 18 11:10:04 2022,3:03:29.345998,0.2565510125514471,24.739999771118164,1.1977061033248901,1.6922009587287903
Wed May 18 11:11:02 2022,3:04:26.687974,0.25655069869396896,24.739999771118164,1.200680136680603,1.696402907371521
Wed May 18 11:11:59 2022,3:05:24.095289,0.25655069869396896,24.739999771118164,1.200680136680603,1.696402907371521
Wed May 18 11:12:57 2022,3:06:21.469061,0.25655069869396896,24.739999771118164,1.200680136680603,1.696402907371521
Wed May 18 11:13:54 2022,3:07:18.835767,0.25655069869396896,24.739999771118164,1.200680136680603,1.696402907371521
Wed May 18 11:14:51 2022,3:08:16.223217,0.25655079338101805,24.719999313354492,1.1998291015625,1.6962182521820068
Wed May 18 11:15:49 2022,3:09:13.596194,0.2565508878319208,24.69999885559082,1.1989799737930298,1.6960350275039673
Wed May 18 11:16:46 2022,3:10:10.955686,0.25655107622334566,24.65999984741211,1.1972863674163818,1.6956706047058105
Wed May 18 11:17:43 2022,3:11:08.356783,0.25655107622334566,24.65999984741211,1.1972863674163818,1.6956706047058105
Wed May 18 11:18:41 2022,3:12:05.749244,0.25655117033145547,24.639999389648438,1.1964404582977295,1.6954874992370605
Wed May 18 11:19:38 2022,3:13:03.142819,0.25655107622334566,24.65999984741211,1.1972863674163818,1.6956706047058105
Wed May 18 11:20:36 2022,3:14:00.517188,0.25655107622334566,24.65999984741211,1.1972863674163818,1.6956706047058105
Wed May 18 11:21:33 2022,3:14:57.870990,0.25655107622334566,24.65999984741211,1.1972863674163818,1.6956706047058105
Wed May 18 11:22:30 2022,3:15:55.236683,0.25655098216094163,24.68000030517578,1.198132038116455,1.6958519220352173
Wed May 18 11:23:28 2022,3:16:52.583517,0.2565509349964312,24.6899995803833,1.1985560059547424,1.6959434747695923
Wed May 18 11:24:25 2022,3:17:49.958718,0.2565508878319208,24.69999885559082,1.1989799737930298,1.6960350275039673
Wed May 18 11:25:22 2022,3:18:47.358161,0.2565508878319208,24.709999084472656,1.1989799737930298,1.6960350275039673
Wed May 18 11:26:20 2022,3:19:44.718503,0.25655079338101805,24.719999313354492,1.1998291015625,1.6962182521820068
Wed May 18 11:27:17 2022,3:20:42.087604,0.25655069869396896,24.739999771118164,1.200680136680603,1.696402907371521
Wed May 18 11:28:15 2022,3:21:39.446988,0.25655098903203727,24.739999771118164,1.1979175209999084,1.6922460794448853
Wed May 18 11:29:12 2022,3:22:36.792214,0.25655065144185585,24.75,1.2011048793792725,1.69649338722229
Wed May 18 11:30:09 2022,3:23:34.192646,0.25655065144185585,24.75999927520752,1.2011048793792725,1.69649338722229
Wed May 18 11:31:07 2022,3:24:31.535910,0.25655065144185585,24.75,1.2011048793792725,1.69649338722229
Wed May 18 11:32:04 2022,3:25:28.915394,0.25655065144185585,24.75,1.2011048793792725,1.69649338722229
Wed May 18 11:33:01 2022,3:26:26.250587,0.25655065144185585,24.75,1.2011048793792725,1.69649338722229
Wed May 18 11:33:59 2022,3:27:23.615909,0.25655069869396896,24.739999771118164,1.200680136680603,1.696402907371521
Wed May 18 11:34:56 2022,3:28:20.951511,0.25655069869396896,24.739999771118164,1.200680136680603,1.696402907371521
Wed May 18 11:35:53 2022,3:29:18.324297,0.25655069869396896,24.739999771118164,1.200680136680603,1.696402907371521
Wed May 18 11:36:51 2022,3:30:15.696634,0.25655069869396896,24.739999771118164,1.200680136680603,1.696402907371521
Wed May 18 11:37:48 2022,3:31:13.068844,0.25655069869396896,24.739999771118164,1.200680136680603,1.696402907371521
Wed May 18 11:38:46 2022,3:32:10.442381,0.25655069869396896,24.739999771118164,1.200680136680603,1.696402907371521
Wed May 18 11:39:43 2022,3:33:07.802120,0.25655069869396896,24.739999771118164,1.200680136680603,1.696402907371521
Wed May 18 11:40:40 2022,3:34:05.193906,0.25655069869396896,24.739999771118164,1.200680136680603,1.696402907371521
Wed May 18 11:41:38 2022,3:35:02.581138,0.25655065144185585,24.75,1.2011048793792725,1.69649338722229
Wed May 18 11:42:35 2022,3:35:59.969500,0.25655065144185585,24.75,1.2011048793792725,1.69649338722229
Wed May 18 11:43:32 2022,3:36:57.344840,0.25655065144185585,24.75,1.2011048793792725,1.69649338722229
Wed May 18 11:44:30 2022,3:37:54.729504,0.25655055670910104,24.76999855041504,1.2019561529159546,1.6966763734817505
Wed May 18 11:45:27 2022,3:38:52.121331,0.25655055670910104,24.76999855041504,1.2019561529159546,1.6966763734817505
Wed May 18 11:46:25 2022,3:39:49.462113,0.25655055670910104,24.76999855041504,1.2019561529159546,1.6966763734817505
Wed May 18 11:47:22 2022,3:40:46.852553,0.25655055670910104,24.76999855041504,1.2019561529159546,1.6966763734817505
Wed May 18 11:48:19 2022,3:41:44.246530,0.25655055670910104,24.76999855041504,1.2019561529159546,1.6966763734817505
Wed May 18 11:49:17 2022,3:42:41.625694,0.25655055670910104,24.76999855041504,1.2019561529159546,1.6966763734817505
Wed May 18 11:50:14 2022,3:43:38.990476,0.25655055670910104,24.76999855041504,1.2019561529159546,1.6966763734817505
Wed May 18 11:51:11 2022,3:44:36.365705,0.2565506750679124,24.744999885559082,1.2008925080299377,1.6964481472969055
Wed May 18 11:52:09 2022,3:45:33.752852,0.25655069869396896,24.739999771118164,1.200680136680603,1.696402907371521
Wed May 18 11:53:06 2022,3:46:31.173735,0.25655069869396896,24.739999771118164,1.200680136680603,1.696402907371521
Wed May 18 11:54:04 2022,3:47:28.565467,0.25655069869396896,24.739999771118164,1.200680136680603,1.696402907371521
Wed May 18 11:55:01 2022,3:48:25.934242,0.25655069869396896,24.739999771118164,1.200680136680603,1.696402907371521
Wed May 18 11:55:58 2022,3:49:23.342755,0.25655065144185585,24.75,1.2011048793792725,1.69649338722229
Wed May 18 11:56:56 2022,3:50:20.716246,0.25655055670910104,24.76999855041504,1.2019561529159546,1.6966763734817505
Wed May 18 11:57:53 2022,3:51:18.080885,0.25655055670910104,24.76999855041504,1.2019561529159546,1.6966763734817505
Wed May 18 11:58:51 2022,3:52:15.452220,0.25655055670910104,24.76999855041504,1.2019561529159546,1.6966763734817505
Wed May 18 11:59:48 2022,3:53:12.856108,0.2565504617021118,24.78999900817871,1.2028099298477173,1.6968610286712646
Wed May 18 12:00:45 2022,3:54:10.246019,0.25655036647421153,24.809999465942383,1.203665852546692,1.697047472000122
Wed May 18 12:01:43 2022,3:55:07.618727,0.25655036647421153,24.809999465942383,1.203665852546692,1.697047472000122
Wed May 18 12:02:40 2022,3:56:04.988970,0.25655036647421153,24.809999465942383,1.203665852546692,1.697047472000122
Wed May 18 12:03:37 2022,3:57:02.367598,0.25655036647421153,24.809999465942383,1.203665852546692,1.697047472000122
Wed May 18 12:04:35 2022,3:57:59.767677,0.25655036647421153,24.809999465942383,1.203665852546692,1.697047472000122
Wed May 18 12:05:32 2022,3:58:57.135343,0.25655036647421153,24.809999465942383,1.203665852546692,1.697047472000122
Wed May 18 12:06:30 2022,3:59:54.495818,0.25655036647421153,24.809999465942383,1.203665852546692,1.697047472000122
Wed May 18 12:07:27 2022,4:00:51.881938,0.2565504617021118,24.78999900817871,1.2028099298477173,1.6968610286712646
Wed May 18 12:08:24 2022,4:01:49.288648,0.2565504617021118,24.78999900817871,1.2028099298477173,1.6968610286712646
Wed May 18 12:09:22 2022,4:02:46.643601,0.2565504617021118,24.78999900817871,1.2028099298477173,1.6968610286712646
Wed May 18 12:10:19 2022,4:03:43.984276,0.25655036647421153,24.809999465942383,1.203665852546692,1.697047472000122
Wed May 18 12:11:16 2022,4:04:41.343358,0.25655036647421153,24.809999465942383,1.203665852546692,1.697047472000122
Wed May 18 12:12:14 2022,4:05:38.673597,0.25655036647421153,24.809999465942383,1.203665852546692,1.697047472000122
Wed May 18 12:13:11 2022,4:06:36.095566,0.25655036647421153,24.809999465942383,1.203665852546692,1.697047472000122
Wed May 18 12:14:09 2022,4:07:33.452549,0.2565502713758108,24.829999923706055,1.204520344734192,1.697230339050293
Wed May 18 12:15:06 2022,4:08:30.803634,0.2565501759117642,24.850000381469727,1.2053781747817993,1.6974166631698608
Wed May 18 12:16:03 2022,4:09:28.196310,0.2565498593005155,24.850000381469727,1.2083776593208313,1.7016404271125793
Wed May 18 12:17:01 2022,4:10:25.576121,0.2565500803334533,24.869998931884766,1.2062369585037231,1.6976028680801392
Wed May 18 12:17:58 2022,4:11:22.936920,0.2565499846027899,24.889999389648438,1.207097053527832,1.697789192199707
Wed May 18 12:18:55 2022,4:12:20.313120,0.2565499846027899,24.889999389648438,1.207097053527832,1.697789192199707
Wed May 18 12:19:53 2022,4:13:17.715427,0.2565499846027899,24.889999389648438,1.207097053527832,1.697789192199707
Wed May 18 12:20:50 2022,4:14:15.114082,0.2565499846027899,24.889999389648438,1.207097053527832,1.697789192199707
Wed May 18 12:21:48 2022,4:15:12.491588,0.2565500803334533,24.869998931884766,1.2062369585037231,1.6976028680801392
Wed May 18 12:22:45 2022,4:16:09.867478,0.2565500803334533,24.869998931884766,1.2062369585037231,1.6976028680801392
Wed May 18 12:23:42 2022,4:17:07.276767,0.2565495426892668,24.850000381469727,1.2113771438598633,1.7058641910552979
Wed May 18 12:24:40 2022,4:18:04.647646,0.2565501759117642,24.850000381469727,1.2053781747817993,1.6974166631698608
Wed May 18 12:25:37 2022,4:19:02.004086,0.2565500803334533,24.869998931884766,1.2062369585037231,1.6976028680801392
Wed May 18 12:26:34 2022,4:19:59.347650,0.2565500803334533,24.869998931884766,1.2062369585037231,1.6976028680801392
Wed May 18 12:27:32 2022,4:20:56.723636,0.2565500324681216,24.8799991607666,1.2066670060157776,1.697696030139923
Wed May 18 12:28:29 2022,4:21:54.137752,0.2565499846027899,24.889999389648438,1.207097053527832,1.697789192199707
Wed May 18 12:29:27 2022,4:22:51.512511,0.2565499846027899,24.889999389648438,1.207097053527832,1.697789192199707
Wed May 18 12:30:24 2022,4:23:48.882064,0.25654993675650223,24.899999618530273,1.2075268626213074,1.6978813409805298
Wed May 18 12:31:21 2022,4:24:46.308643,0.2565498889102146,24.90999984741211,1.2079566717147827,1.6979734897613525
Wed May 18 12:32:19 2022,4:25:43.699498,0.2565497929662578,24.93000030517578,1.2088186740875244,1.6981595754623413
Wed May 18 12:33:16 2022,4:26:41.109247,0.2565497929662578,24.93000030517578,1.2088186740875244,1.6981595754623413
Wed May 18 12:34:14 2022,4:27:38.472282,0.2565497929662578,24.93000030517578,1.2088186740875244,1.6981595754623413
Wed May 18 12:35:11 2022,4:28:35.878099,0.2565497929662578,24.93000030517578,1.2088186740875244,1.6981595754623413
Wed May 18 12:36:08 2022,4:29:33.284242,0.2565497929662578,24.93000030517578,1.2088186740875244,1.6981595754623413
Wed May 18 12:37:06 2022,4:30:30.674735,0.2565497929662578,24.93000030517578,1.2088186740875244,1.6981595754623413
Wed May 18 12:38:03 2022,4:31:28.096517,0.2565497929662578,24.93000030517578,1.2088186740875244,1.6981595754623413
Wed May 18 12:39:01 2022,4:32:25.452863,0.2565498889102146,24.90999984741211,1.2079566717147827,1.6979734897613525
Wed May 18 12:39:58 2022,4:33:22.845572,0.2565498889102146,24.899999618530273,1.2079566717147827,1.6979734897613525
Wed May 18 12:40:55 2022,4:34:20.222980,0.2565498889102146,24.899999618530273,1.2079566717147827,1.6979734897613525
Wed May 18 12:41:53 2022,4:35:17.586022,0.2565498889102146,24.90999984741211,1.2079566717147827,1.6979734897613525
Wed May 18 12:42:50 2022,4:36:14.969971,0.2565498889102146,24.90999984741211,1.2079566717147827,1.6979734897613525
Wed May 18 12:43:47 2022,4:37:12.332174,0.2565498889102146,24.90999984741211,1.2079566717147827,1.6979734897613525
Wed May 18 12:44:45 2022,4:38:09.697463,0.2565498409382362,24.920000076293945,1.2083876729011536,1.698066532611847
Wed May 18 12:45:42 2022,4:39:07.055440,0.2565497929662578,24.93000030517578,1.2088186740875244,1.6981595754623413
Wed May 18 12:46:40 2022,4:40:04.397512,0.2565497929662578,24.93000030517578,1.2088186740875244,1.6981595754623413
Wed May 18 12:47:37 2022,4:41:01.782224,0.2565497448762062,24.934999465942383,1.2092506885528564,1.6982536315917969
Wed May 18 12:48:34 2022,4:41:59.182579,0.2565497448762062,24.939998626708984,1.2092506885528564,1.6982536315917969
Wed May 18 12:49:32 2022,4:42:56.550110,0.2565496486046916,24.959999084472656,1.2101155519485474,1.6984416246414185
Wed May 18 12:50:29 2022,4:43:53.924353,0.2565497448762062,24.939998626708984,1.2092506885528564,1.6982536315917969
Wed May 18 12:51:26 2022,4:44:51.293602,0.2565497448762062,24.939998626708984,1.2092506885528564,1.6982536315917969
Wed May 18 12:52:24 2022,4:45:48.679919,0.2565497448762062,24.934999465942383,1.2092506885528564,1.6982536315917969
Wed May 18 12:53:21 2022,4:46:46.026981,0.2565497929662578,24.93000030517578,1.2088186740875244,1.6981595754623413
Wed May 18 12:54:19 2022,4:47:43.391594,0.2565497929662578,24.93000030517578,1.2088186740875244,1.6981595754623413
Wed May 18 12:55:16 2022,4:48:40.762203,0.2565498889102146,24.899999618530273,1.2079566717147827,1.6979734897613525
Wed May 18 12:56:13 2022,4:49:38.164799,0.2565500324681216,24.869998931884766,1.2066670060157776,1.697696030139923
Wed May 18 12:57:11 2022,4:50:35.538715,0.2565500803334533,24.869998931884766,1.2062369585037231,1.6976028680801392
Wed May 18 12:58:08 2022,4:51:32.941394,0.2565499846027899,24.889999389648438,1.207097053527832,1.697789192199707
Wed May 18 12:59:05 2022,4:52:30.311152,0.2565499846027899,24.889999389648438,1.207097053527832,1.697789192199707
Wed May 18 13:00:03 2022,4:53:27.665516,0.2565499846027899,24.889999389648438,1.207097053527832,1.697789192199707
Wed May 18 13:01:00 2022,4:54:25.037919,0.2565498889102146,24.90999984741211,1.2079566717147827,1.6979734897613525
Wed May 18 13:01:58 2022,4:55:22.427857,0.2565498889102146,24.90999984741211,1.2079566717147827,1.6979734897613525
Wed May 18 13:02:55 2022,4:56:19.783170,0.2565497929662578,24.93000030517578,1.2088186740875244,1.6981595754623413
Wed May 18 13:03:52 2022,4:57:17.158472,0.2565497929662578,24.93000030517578,1.2088186740875244,1.6981595754623413
Wed May 18 13:04:50 2022,4:58:14.544845,0.2565497929662578,24.93000030517578,1.2088186740875244,1.6981595754623413
Wed May 18 13:05:47 2022,4:59:11.921562,0.2565497448762062,24.939998626708984,1.2092506885528564,1.6982536315917969
Wed May 18 13:06:44 2022,5:00:09.309507,0.2565497448762062,24.939998626708984,1.2092506885528564,1.6982536315917969
Wed May 18 13:07:42 2022,5:01:06.702765,0.2565494272899018,24.939998626708984,1.2122588753700256,1.7024783492088318
Wed May 18 13:08:39 2022,5:02:04.074880,0.2565497448762062,24.939998626708984,1.2092506885528564,1.6982536315917969
Wed May 18 13:09:37 2022,5:03:01.447766,0.2565497448762062,24.939998626708984,1.2092506885528564,1.6982536315917969
Wed May 18 13:10:34 2022,5:03:58.817707,0.2565497448762062,24.939998626708984,1.2092506885528564,1.6982536315917969
Wed May 18 13:11:31 2022,5:04:56.225754,0.2565496486046916,24.959999084472656,1.2101155519485474,1.6984416246414185
Wed May 18 13:12:29 2022,5:05:53.611642,0.2565496486046916,24.959999084472656,1.2101155519485474,1.6984416246414185
Wed May 18 13:13:26 2022,5:06:51.000843,0.2565496486046916,24.959999084472656,1.2101155519485474,1.6984416246414185
Wed May 18 13:14:23 2022,5:07:48.385707,0.2565496486046916,24.959999084472656,1.2101155519485474,1.6984416246414185
Wed May 18 13:15:21 2022,5:08:45.760312,0.2565496486046916,24.959999084472656,1.2101155519485474,1.6984416246414185
Wed May 18 13:16:18 2022,5:09:43.181282,0.2565496486046916,24.959999084472656,1.2101155519485474,1.6984416246414185
Wed May 18 13:17:16 2022,5:10:40.528346,0.2565496486046916,24.959999084472656,1.2101155519485474,1.6984416246414185
Wed May 18 13:18:13 2022,5:11:37.903879,0.2565496486046916,24.959999084472656,1.2101155519485474,1.6984416246414185
Wed May 18 13:19:10 2022,5:12:35.277661,0.2565496486046916,24.959999084472656,1.2101155519485474,1.6984416246414185
Wed May 18 13:20:08 2022,5:13:32.666277,0.2565496486046916,24.959999084472656,1.2101155519485474,1.6984416246414185
Wed May 18 13:21:05 2022,5:14:30.043284,0.2565496486046916,24.959999084472656,1.2101155519485474,1.6984416246414185
Wed May 18 13:22:03 2022,5:15:27.393514,0.2565495522265303,24.969999313354492,1.2109811305999756,1.698629379272461
Wed May 18 13:23:00 2022,5:16:24.766133,0.2565495522265303,24.979999542236328,1.2109811305999756,1.698629379272461
Wed May 18 13:23:57 2022,5:17:22.177700,0.2565495522265303,24.979999542236328,1.2109811305999756,1.698629379272461
Wed May 18 13:24:55 2022,5:18:19.562095,0.2565495522265303,24.979999542236328,1.2109811305999756,1.698629379272461
Wed May 18 13:25:52 2022,5:19:16.991981,0.2565495522265303,24.979999542236328,1.2109811305999756,1.698629379272461
Wed May 18 13:26:49 2022,5:20:14.348783,0.2565495522265303,24.979999542236328,1.2109811305999756,1.698629379272461
Wed May 18 13:27:47 2022,5:21:11.747157,0.2565492341984038,24.979999542236328,1.2139932513237,1.7028544545173645
Wed May 18 13:28:44 2022,5:22:09.146342,0.2565491374698318,25.0,1.2148621678352356,1.703042447566986
Wed May 18 13:29:42 2022,5:23:06.532747,0.2565494557112518,25.0,1.2118481397628784,1.698817253112793
Wed May 18 13:30:39 2022,5:24:03.886722,0.2565494557112518,25.0,1.2118481397628784,1.698817253112793
Wed May 18 13:31:36 2022,5:25:01.308439,0.2565494557112518,25.0,1.2118481397628784,1.698817253112793
Wed May 18 13:32:34 2022,5:25:58.692613,0.2565494557112518,25.0,1.2118481397628784,1.698817253112793
Wed May 18 13:33:31 2022,5:26:56.077720,0.2565493778896192,25.01999855041504,1.2125378847122192,1.6990031003952026
Wed May 18 13:34:29 2022,5:27:53.410965,0.2565493778896192,25.01999855041504,1.2125378847122192,1.6990031003952026
Wed May 18 13:35:26 2022,5:28:50.757673,0.2565493778896192,25.01999855041504,1.2125378847122192,1.6990031003952026
Wed May 18 13:36:23 2022,5:29:48.146579,0.2565493778896192,25.01999855041504,1.2125378847122192,1.6990031003952026
Wed May 18 13:37:21 2022,5:30:45.499524,0.2565493778896192,25.01999855041504,1.2125378847122192,1.6990031003952026
Wed May 18 13:38:18 2022,5:31:42.862273,0.2565493778896192,25.0,1.2125378847122192,1.6990031003952026
Wed May 18 13:39:15 2022,5:32:40.284980,0.2565494557112518,25.0,1.2118481397628784,1.698817253112793
Wed May 18 13:40:13 2022,5:33:37.660748,0.2565491374698318,25.0,1.2148621678352356,1.703042447566986
Wed May 18 13:41:10 2022,5:34:35.036469,0.2565494557112518,25.0,1.2118481397628784,1.698817253112793
Wed May 18 13:42:07 2022,5:35:32.383856,0.2565488192284119,25.0,1.2178761959075928,1.7072676420211792
Wed May 18 13:43:05 2022,5:36:29.731633,0.2565487801423903,25.01999855041504,1.2182226181030273,1.7073607444763184
Wed May 18 13:44:02 2022,5:37:27.155711,0.25654929970234064,25.03999900817871,1.213230848312378,1.6991926431655884
Wed May 18 13:45:00 2022,5:38:24.494933,0.25654929970234064,25.03999900817871,1.213230848312378,1.6991926431655884
Wed May 18 13:45:57 2022,5:39:21.883188,0.25654890282420245,25.059999465942383,1.2169419527053833,1.7036076188087463
Wed May 18 13:46:54 2022,5:40:19.229530,0.25654914311449023,25.079999923706055,1.2146188020706177,1.6995714902877808
Wed May 18 13:47:52 2022,5:41:16.585367,0.2565490648662707,25.100000381469727,1.215312123298645,1.6997590065002441
Wed May 18 13:48:49 2022,5:42:13.936791,0.2565489864047578,25.119998931884766,1.2160074710845947,1.6999483108520508
Wed May 18 13:49:46 2022,5:43:11.366058,0.25654882893326314,25.149999618530273,1.2174028158187866,1.7003306150436401
Wed May 18 13:50:44 2022,5:44:08.754992,0.25654818966237336,25.15999984741211,1.2234554290771484,1.7087841033935547
Wed May 18 13:51:41 2022,5:45:06.178273,0.2565487104944667,25.184999465942383,1.2184522151947021,1.700618863105774
Wed May 18 13:52:39 2022,5:46:03.646711,0.2565486710808873,25.19999885559082,1.2188013792037964,1.7007134556770325
Wed May 18 13:53:36 2022,5:47:00.988109,0.25654847325122804,25.229999542236328,1.2205538749694824,1.7011933326721191
Wed May 18 13:54:34 2022,5:47:58.395372,0.25654839408889385,25.26999855041504,1.2212550640106201,1.70138418674469
Wed May 18 13:55:31 2022,5:48:55.765834,0.25654831466756045,25.28999900817871,1.2219582796096802,1.7015767097473145
Wed May 18 13:56:28 2022,5:49:53.216323,0.25654759315681697,25.309999465942383,1.2287391424179077,1.7102274894714355
Wed May 18 13:57:26 2022,5:50:50.601627,0.25654763314933565,25.309999465942383,1.2283849716186523,1.7101300954818726
Wed May 18 13:58:23 2022,5:51:47.990374,0.25654763314933565,25.309999465942383,1.2283849716186523,1.7101300954818726
Wed May 18 13:59:21 2022,5:52:45.397972,0.2565479140948753,25.309999465942383,1.2257013320922852,1.7059993743896484
Wed May 18 14:00:18 2022,5:53:42.766848,0.25654759315681697,25.309999465942383,1.2287391424179077,1.7102274894714355
Wed May 18 14:01:15 2022,5:54:40.130147,0.2565475132479557,25.329999923706055,1.2294467687606812,1.7104203701019287
Wed May 18 14:02:13 2022,5:55:37.462764,0.2565474731868784,25.34000015258789,1.2298014760017395,1.710517704486847
Wed May 18 14:03:10 2022,5:56:34.854300,0.2565474331258011,25.350000381469727,1.2301561832427979,1.7106150388717651
Wed May 18 14:04:07 2022,5:57:32.277208,0.2565473529274702,25.369998931884766,1.2308663129806519,1.7108094692230225
Wed May 18 14:05:05 2022,5:58:29.690791,0.25654727263772786,25.389999389648438,1.2315771579742432,1.7110041379928589
Wed May 18 14:06:02 2022,5:59:27.084521,0.25654727263772786,25.389999389648438,1.2315771579742432,1.7110041379928589
Wed May 18 14:07:00 2022,6:00:24.475941,0.2565473529274702,25.369998931884766,1.2308663129806519,1.7108094692230225
Wed May 18 14:07:57 2022,6:01:21.872178,0.25654739302663565,25.350000381469727,1.2305112481117249,1.7107122540473938
Wed May 18 14:08:54 2022,6:02:19.254823,0.2565474331258011,25.350000381469727,1.2301561832427979,1.7106150388717651
Wed May 18 14:09:52 2022,6:03:16.596778,0.2565471905349913,25.329999923706055,1.2325011491775513,1.7146697044372559
Wed May 18 14:10:49 2022,6:04:13.930820,0.2565471905349913,25.329999923706055,1.2325011491775513,1.7146697044372559
Wed May 18 14:11:46 2022,6:05:11.309582,0.2565468678220269,25.329999923706055,1.2355555295944214,1.718919038772583
Wed May 18 14:12:44 2022,6:06:08.683916,0.2565468678220269,25.329999923706055,1.2355555295944214,1.718919038772583
Wed May 18 14:13:41 2022,6:07:06.072904,0.25654678733422637,25.350000381469727,1.236268162727356,1.719114065170288
Wed May 18 14:14:39 2022,6:08:03.462990,0.25654678733422637,25.350000381469727,1.236268162727356,1.719114065170288
Wed May 18 14:15:36 2022,6:09:00.807541,0.25654678733422637,25.350000381469727,1.236268162727356,1.719114065170288
Wed May 18 14:16:33 2022,6:09:58.182082,0.25654678733422637,25.350000381469727,1.236268162727356,1.719114065170288
Wed May 18 14:17:31 2022,6:10:55.560828,0.25654678733422637,25.350000381469727,1.236268162727356,1.719114065170288
Wed May 18 14:18:28 2022,6:11:52.950241,0.25654678733422637,25.350000381469727,1.236268162727356,1.719114065170288
Wed May 18 14:19:25 2022,6:12:50.358039,0.25654678733422637,25.359999656677246,1.236268162727356,1.719114065170288
Wed May 18 14:20:23 2022,6:13:47.752279,0.25654670678548486,25.369998931884766,1.2369815111160278,1.7193090915679932
Wed May 18 14:21:20 2022,6:14:45.121063,0.25654662614533186,25.389999389648438,1.237695336341858,1.7195039987564087
Wed May 18 14:22:18 2022,6:15:42.545833,0.25654662614533186,25.389999389648438,1.237695336341858,1.7195039987564087
Wed May 18 14:23:15 2022,6:16:39.894218,0.25654662614533186,25.389999389648438,1.237695336341858,1.7195039987564087
Wed May 18 14:24:12 2022,6:17:37.325631,0.2565465454442379,25.40999984741211,1.2384097576141357,1.7196989059448242
Wed May 18 14:25:10 2022,6:18:34.678487,0.25654646434702755,25.43000030517578,1.2391277551651,1.7198975086212158
Wed May 18 14:26:07 2022,6:19:32.078970,0.25654646434702755,25.43000030517578,1.2391277551651,1.7198975086212158
Wed May 18 14:27:05 2022,6:20:29.450077,0.2565465048956327,25.420000076293945,1.238768756389618,1.71979820728302
Wed May 18 14:28:02 2022,6:21:26.832348,0.2565465454442379,25.40999984741211,1.2384097576141357,1.7196989059448242
Wed May 18 14:28:59 2022,6:22:24.222820,0.2565465454442379,25.40999984741211,1.2384097576141357,1.7196989059448242
Wed May 18 14:29:57 2022,6:23:21.588612,0.25654662614533186,25.389999389648438,1.237695336341858,1.7195039987564087
Wed May 18 14:30:54 2022,6:24:18.961821,0.25654662614533186,25.389999389648438,1.237695336341858,1.7195039987564087
Wed May 18 14:31:51 2022,6:25:16.367231,0.25654662614533186,25.389999389648438,1.237695336341858,1.7195039987564087
Wed May 18 14:32:49 2022,6:26:13.732969,0.25654662614533186,25.389999389648438,1.237695336341858,1.7195039987564087
Wed May 18 14:33:46 2022,6:27:11.140200,0.25654662614533186,25.389999389648438,1.237695336341858,1.7195039987564087
Wed May 18 14:34:44 2022,6:28:08.537318,0.2565465454442379,25.40999984741211,1.2384097576141357,1.7196989059448242
Wed May 18 14:35:41 2022,6:29:05.928720,0.25654646434702755,25.43000030517578,1.2391277551651,1.7198975086212158
Wed May 18 14:36:38 2022,6:30:03.347946,0.25654646434702755,25.43000030517578,1.2391277551651,1.7198975086212158
Wed May 18 14:37:36 2022,6:31:00.685544,0.25654646434702755,25.43000030517578,1.2391277551651,1.7198975086212158
Wed May 18 14:38:33 2022,6:31:58.063156,0.2565463836459336,25.44999885559082,1.2398419380187988,1.720090389251709
Wed May 18 14:39:31 2022,6:32:55.453767,0.25654630256395844,25.469999313354492,1.2405595779418945,1.7202869653701782
Wed May 18 14:40:28 2022,6:33:52.818755,0.25654630256395844,25.469999313354492,1.2405595779418945,1.7202869653701782
Wed May 18 14:41:25 2022,6:34:50.237035,0.25654630256395844,25.469999313354492,1.2405595779418945,1.7202869653701782
Wed May 18 14:42:23 2022,6:35:47.642420,0.25654622111633746,25.489999771118164,1.2412805557250977,1.7204872369766235
Wed May 18 14:43:20 2022,6:36:45.015273,0.25654622111633746,25.489999771118164,1.2412805557250977,1.7204872369766235
Wed May 18 14:44:18 2022,6:37:42.421124,0.25654622111633746,25.489999771118164,1.2412805557250977,1.7204872369766235
Wed May 18 14:45:15 2022,6:38:39.788611,0.25654630256395844,25.469999313354492,1.2405595779418945,1.7202869653701782
Wed May 18 14:46:12 2022,6:39:37.197935,0.25654630256395844,25.469999313354492,1.2405595779418945,1.7202869653701782
Wed May 18 14:47:10 2022,6:40:34.555714,0.256546343104946,25.459999084472656,1.2402007579803467,1.7201886773109436
Wed May 18 14:48:07 2022,6:41:31.928383,0.25654613914310054,25.43000030517578,1.2422052025794983,1.7241690158843994
Wed May 18 14:49:04 2022,6:42:29.327162,0.2565465048956327,25.40999984741211,1.238768756389618,1.71979820728302
Wed May 18 14:50:02 2022,6:43:26.693933,0.2565462609488861,25.389999389648438,1.241126835346222,1.7238726019859314
Wed May 18 14:50:59 2022,6:44:24.068041,0.25654662614533186,25.389999389648438,1.237695336341858,1.7195039987564087
Wed May 18 14:51:57 2022,6:45:21.434129,0.25654662614533186,25.389999389648438,1.237695336341858,1.7195039987564087
Wed May 18 14:52:54 2022,6:46:18.770610,0.25654658579478484,25.399999618530273,1.2380525469779968,1.7196014523506165
Wed May 18 14:53:51 2022,6:47:16.158863,0.2565465454442379,25.40999984741211,1.2384097576141357,1.7196989059448242
Wed May 18 14:54:49 2022,6:48:13.511512,0.2565465454442379,25.40999984741211,1.2384097576141357,1.7196989059448242
Wed May 18 14:55:46 2022,6:49:10.906061,0.2565465048956327,25.40999984741211,1.238768756389618,1.71979820728302
Wed May 18 14:56:43 2022,6:50:08.297628,0.25654646434702755,25.43000030517578,1.2391277551651,1.7198975086212158
Wed May 18 14:57:41 2022,6:51:05.697908,0.25654642399648053,25.4399995803833,1.2394848465919495,1.7199939489364624
Wed May 18 14:58:38 2022,6:52:03.042716,0.2565463836459336,25.44999885559082,1.2398419380187988,1.720090389251709
Wed May 18 14:59:35 2022,6:53:00.386349,0.25654630256395844,25.469999313354492,1.2405595779418945,1.7202869653701782
Wed May 18 15:00:33 2022,6:53:57.713041,0.25654626184014795,25.479999542236328,1.240920066833496,1.7203871011734009
Wed May 18 15:01:30 2022,6:54:55.117061,0.25654614000389186,25.510000228881836,1.241998314857483,1.72068190574646
Wed May 18 15:02:28 2022,6:55:52.444924,0.25654614000389186,25.510000228881836,1.241998314857483,1.72068190574646
Wed May 18 15:03:25 2022,6:56:49.838197,0.25654605867815283,25.529998779296875,1.242717981338501,1.7208784818649292
Wed May 18 15:04:22 2022,6:57:47.210094,0.25654605867815283,25.529998779296875,1.242717981338501,1.7208784818649292
Wed May 18 15:05:20 2022,6:58:44.574919,0.25654614000389186,25.510000228881836,1.241998314857483,1.72068190574646
Wed May 18 15:06:17 2022,6:59:41.929973,0.25654614000389186,25.510000228881836,1.241998314857483,1.72068190574646
Wed May 18 15:07:14 2022,7:00:39.334646,0.2565458140686731,25.510000228881836,1.2450820803642273,1.7249541878700256
Wed May 18 15:08:12 2022,7:01:36.662803,0.2565461805601147,25.489999771118164,1.2416394352912903,1.7205845713615417
Wed May 18 15:09:09 2022,7:02:34.037412,0.25654593626295746,25.469999313354492,1.2440006732940674,1.724659025669098
Wed May 18 15:10:07 2022,7:03:31.429136,0.2565457734058036,25.44999885559082,1.24564129114151,1.728537142276764
Wed May 18 15:11:04 2022,7:04:28.772778,0.2565460987925535,25.43000030517578,1.2425622940063477,1.724265456199646
Wed May 18 15:12:01 2022,7:05:26.129741,0.2565462204078986,25.40999984741211,1.2414856553077698,1.723970115184784
Wed May 18 15:12:59 2022,7:06:23.491565,0.25654589537155925,25.40999984741211,1.2445615530014038,1.7282413244247437
Wed May 18 15:13:56 2022,7:07:20.832478,0.2565465454442379,25.40999984741211,1.2384097576141357,1.7196989059448242
Wed May 18 15:14:53 2022,7:08:18.180990,0.2565465454442379,25.40999984741211,1.2384097576141357,1.7196989059448242
Wed May 18 15:15:51 2022,7:09:15.546905,0.25654646434702755,25.43000030517578,1.2391277551651,1.7198975086212158
Wed May 18 15:16:48 2022,7:10:12.906229,0.25654646434702755,25.43000030517578,1.2391277551651,1.7198975086212158
Wed May 18 15:17:45 2022,7:11:10.266284,0.25654646434702755,25.43000030517578,1.2391277551651,1.7198975086212158
Wed May 18 15:18:43 2022,7:12:07.631542,0.2565463836459336,25.44999885559082,1.2398419380187988,1.720090389251709
Wed May 18 15:19:40 2022,7:13:05.004844,0.25654597698676795,25.469999313354492,1.2436401844024658,1.7245588898658752
Wed May 18 15:20:38 2022,7:14:02.426064,0.2565461805601147,25.489999771118164,1.2416394352912903,1.7205845713615417
Wed May 18 15:21:35 2022,7:14:59.816341,0.25654614000389186,25.510000228881836,1.241998314857483,1.72068190574646
Wed May 18 15:22:32 2022,7:15:57.235877,0.25654614000389186,25.510000228881836,1.241998314857483,1.72068190574646
Wed May 18 15:23:30 2022,7:16:54.602550,0.25654605867815283,25.529998779296875,1.242717981338501,1.7208784818649292
Wed May 18 15:24:27 2022,7:17:51.942904,0.25654597704770893,25.53999900817871,1.243440330028534,1.721077561378479
Wed May 18 15:25:24 2022,7:18:49.314906,0.25654593618678123,25.559999465942383,1.2438019514083862,1.721177577972412
Wed May 18 15:26:22 2022,7:19:46.694667,0.25654593618678123,25.559999465942383,1.2438019514083862,1.721177577972412
Wed May 18 15:27:19 2022,7:20:44.067826,0.25654593618678123,25.559999465942383,1.2438019514083862,1.721177577972412
Wed May 18 15:28:17 2022,7:21:41.473975,0.2565452834174642,25.559999465942383,1.2499773502349854,1.7297230958938599
Wed May 18 15:29:14 2022,7:22:38.846328,0.2565452834174642,25.559999465942383,1.2499773502349854,1.7297230958938599
Wed May 18 15:30:11 2022,7:23:36.228236,0.25654536552020074,25.53999900817871,1.249250888824463,1.7295225858688354
Wed May 18 15:31:09 2022,7:24:33.617197,0.2565454881334543,25.510000228881836,1.2481658458709717,1.7292264699935913
Wed May 18 15:32:06 2022,7:25:30.961986,0.25654556959631053,25.489999771118164,1.2474451065063477,1.7290314435958862
Wed May 18 15:33:03 2022,7:26:28.370627,0.2565456514095774,25.469999313354492,1.246720790863037,1.7288308143615723
Wed May 18 15:34:01 2022,7:27:25.742665,0.2565456514095774,25.469999313354492,1.246720790863037,1.7288308143615723
Wed May 18 15:34:58 2022,7:28:23.099902,0.2565456514095774,25.469999313354492,1.246720790863037,1.7288308143615723
Wed May 18 15:35:56 2022,7:29:20.506861,0.2565456514095774,25.469999313354492,1.246720790863037,1.7288308143615723
Wed May 18 15:36:53 2022,7:30:17.853501,0.25654556959631053,25.489999771118164,1.2474451065063477,1.7290314435958862
Wed May 18 15:37:50 2022,7:31:15.250151,0.2565454881334543,25.510000228881836,1.2481658458709717,1.7292264699935913
Wed May 18 15:38:48 2022,7:32:12.601550,0.2565454881334543,25.510000228881836,1.2481658458709717,1.7292264699935913
Wed May 18 15:39:45 2022,7:33:09.977913,0.2565454064420694,25.529998779296875,1.2488887310028076,1.7294232845306396
Wed May 18 15:40:42 2022,7:34:07.368694,0.2565453859811351,25.53999900817871,1.2490698099136353,1.7294729351997375
Wed May 18 15:41:40 2022,7:35:04.724462,0.25654536552020074,25.549999237060547,1.249250888824463,1.7295225858688354
