Wed Apr 13 15:05:13 2022,0:00:01.549086,0.16149556636810303,23.94999885559082,1.566922903060913,2.2663609981536865
Wed Apr 13 15:05:14 2022,0:00:02.621180,0.16149556636810303,23.94999885559082,1.566922903060913,2.2663609981536865
Wed Apr 13 15:05:15 2022,0:00:03.581937,0.16149556636810303,23.94999885559082,1.566922903060913,2.2663609981536865
Wed Apr 13 15:05:16 2022,0:00:04.554969,0.16149556636810303,23.94999885559082,1.566922903060913,2.2663609981536865
Wed Apr 13 15:05:17 2022,0:00:05.498394,0.16149556636810303,23.94999885559082,1.566922903060913,2.2663609981536865
Wed Apr 13 15:05:18 2022,0:00:06.425595,0.16149556636810303,23.94999885559082,1.566922903060913,2.2663609981536865
Wed Apr 13 15:05:19 2022,0:00:07.339232,0.16149556636810303,23.94999885559082,1.566922903060913,2.2663609981536865
Wed Apr 13 15:05:20 2022,0:00:08.280049,0.16149556636810303,23.94999885559082,1.566922903060913,2.2663609981536865
Wed Apr 13 15:05:21 2022,0:00:09.223161,0.16149556636810303,23.94999885559082,1.566922903060913,2.2663609981536865
Wed Apr 13 15:05:22 2022,0:00:10.235456,0.16149556636810303,23.94999885559082,1.566922903060913,2.2663609981536865
Wed Apr 13 15:05:23 2022,0:00:11.176394,0.16149556636810303,23.94999885559082,1.566922903060913,2.2663609981536865
Wed Apr 13 15:05:24 2022,0:00:12.260123,0.16149556636810303,23.94999885559082,1.566922903060913,2.2663609981536865
Wed Apr 13 15:05:25 2022,0:00:13.266220,0.16149556636810303,23.94999885559082,1.566922903060913,2.2663609981536865
Wed Apr 13 15:05:26 2022,0:00:14.289971,0.16149556636810303,23.94999885559082,1.566922903060913,2.2663609981536865
Wed Apr 13 15:05:27 2022,0:00:15.308324,0.16149556636810303,23.94999885559082,1.566922903060913,2.2663609981536865
Wed Apr 13 15:05:28 2022,0:00:16.344898,0.16149556636810303,23.94999885559082,1.566922903060913,2.2663609981536865
Wed Apr 13 15:05:29 2022,0:00:17.381035,0.16149556636810303,23.94999885559082,1.566922903060913,2.2663609981536865
Wed Apr 13 15:05:30 2022,0:00:18.350768,0.16149556636810303,23.94999885559082,1.566922903060913,2.2663609981536865
Wed Apr 13 15:05:31 2022,0:00:19.381933,0.16149556636810303,23.94999885559082,1.566922903060913,2.2663609981536865
Wed Apr 13 15:05:32 2022,0:00:20.380916,0.16149556636810303,23.94999885559082,1.566922903060913,2.2663609981536865
Wed Apr 13 15:05:33 2022,0:00:21.437346,0.16149556636810303,23.94999885559082,1.566922903060913,2.2663609981536865
Wed Apr 13 15:05:34 2022,0:00:22.566725,0.16149556636810303,23.94999885559082,1.566922903060913,2.2663609981536865
Wed Apr 13 15:05:35 2022,0:00:23.589137,0.16149556636810303,23.94999885559082,1.566922903060913,2.2663609981536865
Wed Apr 13 15:05:36 2022,0:00:24.609176,0.16149556636810303,23.94999885559082,1.566922903060913,2.2663609981536865
Wed Apr 13 15:05:37 2022,0:00:25.658498,0.16149556636810303,23.94999885559082,1.566922903060913,2.2663609981536865
Wed Apr 13 15:05:38 2022,0:00:26.721448,0.16149556636810303,23.94999885559082,1.566922903060913,2.2663609981536865
Wed Apr 13 15:05:40 2022,0:00:27.918122,0.16149556636810303,23.94999885559082,1.566922903060913,2.2663609981536865
Wed Apr 13 15:05:41 2022,0:00:29.078308,0.16149556636810303,23.94999885559082,1.566922903060913,2.2663609981536865
Wed Apr 13 15:05:42 2022,0:00:30.277624,0.16149556636810303,23.94999885559082,1.566922903060913,2.2663609981536865
Wed Apr 13 15:05:43 2022,0:00:31.379495,0.16149556636810303,23.94999885559082,1.566922903060913,2.2663609981536865
Wed Apr 13 15:05:44 2022,0:00:32.435163,0.16149556636810303,23.94999885559082,1.566922903060913,2.2663609981536865
Wed Apr 13 15:05:45 2022,0:00:33.591533,0.16149556636810303,23.94999885559082,1.566922903060913,2.2663609981536865
Wed Apr 13 15:05:46 2022,0:00:34.728620,0.16149556636810303,23.94999885559082,1.566922903060913,2.2663609981536865
Wed Apr 13 15:05:48 2022,0:00:35.976497,0.16149556636810303,23.94999885559082,1.566922903060913,2.2663609981536865
Wed Apr 13 15:05:49 2022,0:00:37.067523,0.1616092175245285,23.969999313354492,1.5679677724838257,2.2665421962738037
Wed Apr 13 15:05:50 2022,0:00:38.155191,0.16149556636810303,23.94999885559082,1.566922903060913,2.2663609981536865
Wed Apr 13 15:05:51 2022,0:00:39.162361,0.16149556636810303,23.94999885559082,1.566922903060913,2.2663609981536865
Wed Apr 13 15:05:52 2022,0:00:40.243838,0.1616092175245285,23.969999313354492,1.5679677724838257,2.2665421962738037
Wed Apr 13 15:05:53 2022,0:00:41.337185,0.1616092175245285,23.969999313354492,1.5679677724838257,2.2665421962738037
Wed Apr 13 15:05:54 2022,0:00:42.360111,0.1616092175245285,23.969999313354492,1.5679677724838257,2.2665421962738037
Wed Apr 13 15:05:55 2022,0:00:43.351456,0.1616092175245285,23.969999313354492,1.5679677724838257,2.2665421962738037
Wed Apr 13 15:05:56 2022,0:00:44.431286,0.1616092175245285,23.969999313354492,1.5679677724838257,2.2665421962738037
Wed Apr 13 15:05:57 2022,0:00:45.445842,0.1616092175245285,23.969999313354492,1.5679677724838257,2.2665421962738037
Wed Apr 13 15:05:58 2022,0:00:46.452633,0.1616092175245285,23.969999313354492,1.5679677724838257,2.2665421962738037
Wed Apr 13 15:05:59 2022,0:00:47.457470,0.1616092175245285,23.969999313354492,1.5679677724838257,2.2665421962738037
Wed Apr 13 15:06:00 2022,0:00:48.480726,0.1616092175245285,23.969999313354492,1.5679677724838257,2.2665421962738037
Wed Apr 13 15:06:01 2022,0:00:49.538302,0.1616092175245285,23.969999313354492,1.5679677724838257,2.2665421962738037
Wed Apr 13 15:06:02 2022,0:00:50.642194,0.1616092175245285,23.969999313354492,1.5679677724838257,2.2665421962738037
Wed Apr 13 15:06:03 2022,0:00:51.835138,0.1616092175245285,23.969999313354492,1.5679677724838257,2.2665421962738037
Wed Apr 13 15:06:05 2022,0:00:52.911509,0.1616092175245285,23.969999313354492,1.5679677724838257,2.2665421962738037
Wed Apr 13 15:06:06 2022,0:00:53.965972,0.16241592168807983,23.969999313354492,1.5757945775985718,2.27785587310791
Wed Apr 13 15:06:07 2022,0:00:55.033446,0.16241592168807983,23.969999313354492,1.5757945775985718,2.27785587310791
Wed Apr 13 15:06:08 2022,0:00:56.045372,0.16241592168807983,23.969999313354492,1.5757945775985718,2.27785587310791
Wed Apr 13 15:06:09 2022,0:00:57.071525,0.16241592168807983,23.969999313354492,1.5757945775985718,2.27785587310791
Wed Apr 13 15:06:10 2022,0:00:58.146752,0.16241592168807983,23.969999313354492,1.5757945775985718,2.27785587310791
Wed Apr 13 15:06:11 2022,0:00:59.145841,0.16241592168807983,23.969999313354492,1.5757945775985718,2.27785587310791
Wed Apr 13 15:06:12 2022,0:01:00.189112,0.16241592168807983,23.969999313354492,1.5757945775985718,2.27785587310791
Wed Apr 13 15:06:13 2022,0:01:01.270254,0.1616092175245285,23.969999313354492,1.5679677724838257,2.2665421962738037
Wed Apr 13 15:06:14 2022,0:01:02.494160,0.1616092175245285,23.969999313354492,1.5679677724838257,2.2665421962738037
Wed Apr 13 15:06:15 2022,0:01:03.555181,0.1616092175245285,23.969999313354492,1.5679677724838257,2.2665421962738037
Wed Apr 13 15:06:16 2022,0:01:04.607158,0.1616092175245285,23.969999313354492,1.5679677724838257,2.2665421962738037
Wed Apr 13 15:06:17 2022,0:01:05.664720,0.16241592168807983,23.969999313354492,1.5757945775985718,2.27785587310791
Wed Apr 13 15:06:18 2022,0:01:06.754241,0.1616092175245285,23.969999313354492,1.5679677724838257,2.2665421962738037
Wed Apr 13 15:06:19 2022,0:01:07.803698,0.1616092175245285,23.969999313354492,1.5679677724838257,2.2665421962738037
Wed Apr 13 15:06:21 2022,0:01:08.916110,0.1616092175245285,23.969999313354492,1.5679677724838257,2.2665421962738037
Wed Apr 13 15:06:22 2022,0:01:09.962369,0.16241592168807983,23.969999313354492,1.5757945775985718,2.27785587310791
Wed Apr 13 15:06:23 2022,0:01:10.969256,0.16241592168807983,23.969999313354492,1.5757945775985718,2.27785587310791
Wed Apr 13 15:06:24 2022,0:01:12.001923,0.1616092175245285,23.969999313354492,1.5679677724838257,2.2665421962738037
Wed Apr 13 15:06:25 2022,0:01:13.014195,0.16253021359443665,23.989999771118164,1.5768452882766724,2.2780373096466064
Wed Apr 13 15:06:26 2022,0:01:14.085908,0.16241592168807983,23.969999313354492,1.5757945775985718,2.27785587310791
Wed Apr 13 15:06:27 2022,0:01:15.154293,0.16253021359443665,23.989999771118164,1.5768452882766724,2.2780373096466064
Wed Apr 13 15:06:28 2022,0:01:16.179083,0.16241592168807983,23.969999313354492,1.5757945775985718,2.27785587310791
Wed Apr 13 15:06:29 2022,0:01:17.209026,0.16241592168807983,23.969999313354492,1.5757945775985718,2.27785587310791
Wed Apr 13 15:06:30 2022,0:01:18.239495,0.16172301769256592,23.989999771118164,1.5690139532089233,2.266723394393921
Wed Apr 13 15:06:31 2022,0:01:19.373955,0.16241592168807983,23.969999313354492,1.5757945775985718,2.27785587310791
Wed Apr 13 15:06:32 2022,0:01:20.407406,0.1616092175245285,23.969999313354492,1.5679677724838257,2.2665421962738037
Wed Apr 13 15:06:33 2022,0:01:21.495484,0.16172301769256592,23.989999771118164,1.5690139532089233,2.266723394393921
Wed Apr 13 15:06:34 2022,0:01:22.553414,0.16172301769256592,23.989999771118164,1.5690139532089233,2.266723394393921
Wed Apr 13 15:06:35 2022,0:01:23.628233,0.16172301769256592,23.989999771118164,1.5690139532089233,2.266723394393921
Wed Apr 13 15:06:36 2022,0:01:24.619178,0.16172301769256592,23.989999771118164,1.5690139532089233,2.266723394393921
Wed Apr 13 15:06:37 2022,0:01:25.667634,0.16172301769256592,23.989999771118164,1.5690139532089233,2.266723394393921
Wed Apr 13 15:06:38 2022,0:01:26.713023,0.16172301769256592,23.989999771118164,1.5690139532089233,2.266723394393921
Wed Apr 13 15:06:39 2022,0:01:27.757292,0.16172301769256592,23.989999771118164,1.5690139532089233,2.266723394393921
Wed Apr 13 15:06:40 2022,0:01:28.810970,0.16172301769256592,23.989999771118164,1.5690139532089233,2.266723394393921
Wed Apr 13 15:06:42 2022,0:01:29.894315,0.16172301769256592,23.989999771118164,1.5690139532089233,2.266723394393921
Wed Apr 13 15:06:43 2022,0:01:30.992834,0.16172301769256592,23.989999771118164,1.5690139532089233,2.266723394393921
Wed Apr 13 15:06:44 2022,0:01:32.097174,0.16172301769256592,23.989999771118164,1.5690139532089233,2.266723394393921
Wed Apr 13 15:06:45 2022,0:01:33.178367,0.16172301769256592,23.989999771118164,1.5690139532089233,2.266723394393921
Wed Apr 13 15:06:46 2022,0:01:34.258971,0.16172301769256592,23.989999771118164,1.5690139532089233,2.266723394393921
Wed Apr 13 15:06:47 2022,0:01:35.319301,0.16172301769256592,23.989999771118164,1.5690139532089233,2.266723394393921
Wed Apr 13 15:06:48 2022,0:01:36.385600,0.16172301769256592,23.989999771118164,1.5690139532089233,2.266723394393921
Wed Apr 13 15:06:49 2022,0:01:37.480867,0.16172301769256592,23.989999771118164,1.5690139532089233,2.266723394393921
Wed Apr 13 15:06:50 2022,0:01:38.578781,0.16172301769256592,23.989999771118164,1.5690139532089233,2.266723394393921
Wed Apr 13 15:06:51 2022,0:01:39.645547,0.16172301769256592,23.989999771118164,1.5690139532089233,2.266723394393921
Wed Apr 13 15:06:52 2022,0:01:40.699052,0.16172301769256592,23.989999771118164,1.5690139532089233,2.266723394393921
Wed Apr 13 15:06:53 2022,0:01:41.806141,0.16253021359443665,23.989999771118164,1.5768452882766724,2.2780373096466064
Wed Apr 13 15:06:55 2022,0:01:42.913739,0.16253021359443665,23.989999771118164,1.5768452882766724,2.2780373096466064
Wed Apr 13 15:06:56 2022,0:01:44.007444,0.16253021359443665,23.989999771118164,1.5768452882766724,2.2780373096466064
Wed Apr 13 15:06:57 2022,0:01:45.095170,0.16253021359443665,23.989999771118164,1.5768452882766724,2.2780373096466064
Wed Apr 13 15:06:58 2022,0:01:46.101519,0.16172301769256592,23.989999771118164,1.5690139532089233,2.266723394393921
Wed Apr 13 15:06:59 2022,0:01:47.154831,0.16172301769256592,23.989999771118164,1.5690139532089233,2.266723394393921
Wed Apr 13 15:07:00 2022,0:01:48.340810,0.16172301769256592,23.989999771118164,1.5690139532089233,2.266723394393921
Wed Apr 13 15:07:01 2022,0:01:49.473594,0.16172301769256592,23.989999771118164,1.5690139532089233,2.266723394393921
Wed Apr 13 15:07:02 2022,0:01:50.552547,0.16172301769256592,23.989999771118164,1.5690139532089233,2.266723394393921
Wed Apr 13 15:07:03 2022,0:01:51.667191,0.16172301769256592,23.989999771118164,1.5690139532089233,2.266723394393921
Wed Apr 13 15:07:04 2022,0:01:52.755903,0.16172301769256592,23.989999771118164,1.5690139532089233,2.266723394393921
Wed Apr 13 15:07:06 2022,0:01:53.884124,0.16172301769256592,23.989999771118164,1.5690139532089233,2.266723394393921
Wed Apr 13 15:07:07 2022,0:01:55.010952,0.16172301769256592,23.989999771118164,1.5690139532089233,2.266723394393921
Wed Apr 13 15:07:08 2022,0:01:56.129297,0.16172301769256592,23.989999771118164,1.5690139532089233,2.266723394393921
Wed Apr 13 15:07:09 2022,0:01:57.167975,0.16172301769256592,23.989999771118164,1.5690139532089233,2.266723394393921
Wed Apr 13 15:07:10 2022,0:01:58.227426,0.16172301769256592,23.989999771118164,1.5690139532089233,2.266723394393921
Wed Apr 13 15:07:11 2022,0:01:59.324533,0.16172301769256592,23.989999771118164,1.5690139532089233,2.266723394393921
Wed Apr 13 15:07:12 2022,0:02:00.410837,0.16172301769256592,23.989999771118164,1.5690139532089233,2.266723394393921
Wed Apr 13 15:07:13 2022,0:02:01.483523,0.16172301769256592,23.989999771118164,1.5690139532089233,2.266723394393921
Wed Apr 13 15:07:14 2022,0:02:02.604742,0.16172301769256592,23.989999771118164,1.5690139532089233,2.266723394393921
Wed Apr 13 15:07:15 2022,0:02:03.701545,0.16172301769256592,23.989999771118164,1.5690139532089233,2.266723394393921
Wed Apr 13 15:07:16 2022,0:02:04.742039,0.16172301769256592,23.989999771118164,1.5690139532089233,2.266723394393921
Wed Apr 13 15:07:17 2022,0:02:05.808306,0.16172301769256592,23.989999771118164,1.5690139532089233,2.266723394393921
Wed Apr 13 15:07:19 2022,0:02:06.893294,0.16172301769256592,23.989999771118164,1.5690139532089233,2.266723394393921
Wed Apr 13 15:07:20 2022,0:02:07.979354,0.16172301769256592,23.989999771118164,1.5690139532089233,2.266723394393921
Wed Apr 13 15:07:21 2022,0:02:09.039805,0.16172301769256592,23.989999771118164,1.5690139532089233,2.266723394393921
Wed Apr 13 15:07:22 2022,0:02:10.113247,0.16172301769256592,23.989999771118164,1.5690139532089233,2.266723394393921
Wed Apr 13 15:07:23 2022,0:02:11.152354,0.16172301769256592,23.989999771118164,1.5690139532089233,2.266723394393921
Wed Apr 13 15:07:24 2022,0:02:12.230827,0.16172301769256592,23.989999771118164,1.5690139532089233,2.266723394393921
Wed Apr 13 15:07:25 2022,0:02:13.352690,0.16172301769256592,23.989999771118164,1.5690139532089233,2.266723394393921
Wed Apr 13 15:07:26 2022,0:02:14.426147,0.16172301769256592,23.989999771118164,1.5690139532089233,2.266723394393921
Wed Apr 13 15:07:27 2022,0:02:15.479240,0.16172301769256592,23.989999771118164,1.5690139532089233,2.266723394393921
Wed Apr 13 15:07:28 2022,0:02:16.663375,0.16172301769256592,23.989999771118164,1.5690139532089233,2.266723394393921
Wed Apr 13 15:07:29 2022,0:02:17.812223,0.16172301769256592,23.989999771118164,1.5690139532089233,2.266723394393921
Wed Apr 13 15:07:31 2022,0:02:18.915578,0.16172301769256592,23.989999771118164,1.5690139532089233,2.266723394393921
Wed Apr 13 15:07:32 2022,0:02:20.020561,0.16172301769256592,23.989999771118164,1.5690139532089233,2.266723394393921
Wed Apr 13 15:07:33 2022,0:02:21.074248,0.16172301769256592,23.989999771118164,1.5690139532089233,2.266723394393921
Wed Apr 13 15:07:34 2022,0:02:22.167684,0.16172301769256592,23.989999771118164,1.5690139532089233,2.266723394393921
Wed Apr 13 15:07:35 2022,0:02:23.225214,0.16172301769256592,23.989999771118164,1.5690139532089233,2.266723394393921
Wed Apr 13 15:07:36 2022,0:02:24.318201,0.16172301769256592,23.989999771118164,1.5690139532089233,2.266723394393921
Wed Apr 13 15:07:37 2022,0:02:25.361138,0.16172301769256592,23.989999771118164,1.5690139532089233,2.266723394393921
Wed Apr 13 15:07:38 2022,0:02:26.430584,0.16172301769256592,23.989999771118164,1.5690139532089233,2.266723394393921
Wed Apr 13 15:07:39 2022,0:02:27.555833,0.16172301769256592,23.989999771118164,1.5690139532089233,2.266723394393921
Wed Apr 13 15:07:40 2022,0:02:28.603130,0.16172301769256592,23.989999771118164,1.5690139532089233,2.266723394393921
Wed Apr 13 15:07:41 2022,0:02:29.705912,0.16172301769256592,23.989999771118164,1.5690139532089233,2.266723394393921
Wed Apr 13 15:07:42 2022,0:02:30.812859,0.16172301769256592,23.989999771118164,1.5690139532089233,2.266723394393921
Wed Apr 13 15:07:44 2022,0:02:31.918518,0.16172301769256592,23.989999771118164,1.5690139532089233,2.266723394393921
Wed Apr 13 15:07:45 2022,0:02:33.002537,0.16172301769256592,23.989999771118164,1.5690139532089233,2.266723394393921
Wed Apr 13 15:07:46 2022,0:02:34.053920,0.16172301769256592,23.989999771118164,1.5690139532089233,2.266723394393921
Wed Apr 13 15:07:47 2022,0:02:35.113829,0.16172301769256592,23.989999771118164,1.5690139532089233,2.266723394393921
Wed Apr 13 15:07:48 2022,0:02:36.224106,0.16172301769256592,23.989999771118164,1.5690139532089233,2.266723394393921
Wed Apr 13 15:07:49 2022,0:02:37.310471,0.16172301769256592,23.989999771118164,1.5690139532089233,2.266723394393921
Wed Apr 13 15:07:50 2022,0:02:38.418770,0.16172301769256592,23.989999771118164,1.5690139532089233,2.266723394393921
Wed Apr 13 15:07:51 2022,0:02:39.506014,0.16172301769256592,23.989999771118164,1.5690139532089233,2.266723394393921
Wed Apr 13 15:07:52 2022,0:02:40.587147,0.16183730959892273,24.010000228881836,1.570064902305603,2.2669098377227783
Wed Apr 13 15:07:53 2022,0:02:41.709590,0.16183730959892273,24.010000228881836,1.570064902305603,2.2669098377227783
Wed Apr 13 15:07:54 2022,0:02:42.817920,0.16183730959892273,24.010000228881836,1.570064902305603,2.2669098377227783
Wed Apr 13 15:07:56 2022,0:02:43.903824,0.16183730959892273,24.010000228881836,1.570064902305603,2.2669098377227783
Wed Apr 13 15:07:57 2022,0:02:44.973072,0.16183730959892273,24.010000228881836,1.570064902305603,2.2669098377227783
Wed Apr 13 15:07:58 2022,0:02:46.336193,0.16183730959892273,24.010000228881836,1.570064902305603,2.2669098377227783
Wed Apr 13 15:07:59 2022,0:02:47.403708,0.16183730959892273,24.010000228881836,1.570064902305603,2.2669098377227783
Wed Apr 13 15:08:00 2022,0:02:48.478613,0.16183730959892273,24.010000228881836,1.570064902305603,2.2669098377227783
Wed Apr 13 15:08:01 2022,0:02:49.629838,0.16183730959892273,24.010000228881836,1.570064902305603,2.2669098377227783
Wed Apr 13 15:08:02 2022,0:02:50.847105,0.16224116832017899,24.010000228881836,1.5739828944206238,2.2725666761398315
Wed Apr 13 15:08:04 2022,0:02:52.012988,0.16264502704143524,24.010000228881836,1.5779008865356445,2.2782235145568848
Wed Apr 13 15:08:05 2022,0:02:53.081197,0.16264502704143524,24.010000228881836,1.5779008865356445,2.2782235145568848
Wed Apr 13 15:08:06 2022,0:02:54.209670,0.16264502704143524,24.010000228881836,1.5779008865356445,2.2782235145568848
Wed Apr 13 15:08:07 2022,0:02:55.288203,0.16183730959892273,24.010000228881836,1.570064902305603,2.2669098377227783
Wed Apr 13 15:08:08 2022,0:02:56.360418,0.16183730959892273,24.010000228881836,1.570064902305603,2.2669098377227783
Wed Apr 13 15:08:09 2022,0:02:57.375581,0.16183730959892273,24.010000228881836,1.570064902305603,2.2669098377227783
Wed Apr 13 15:08:10 2022,0:02:58.413086,0.16183730959892273,24.010000228881836,1.570064902305603,2.2669098377227783
Wed Apr 13 15:08:11 2022,0:02:59.484824,0.16183730959892273,24.010000228881836,1.570064902305603,2.2669098377227783
Wed Apr 13 15:08:12 2022,0:03:00.639362,0.16183730959892273,24.010000228881836,1.570064902305603,2.2669098377227783
Wed Apr 13 15:08:13 2022,0:03:01.689407,0.16183730959892273,24.010000228881836,1.570064902305603,2.2669098377227783
Wed Apr 13 15:08:14 2022,0:03:02.812702,0.16183730959892273,24.010000228881836,1.570064902305603,2.2669098377227783
Wed Apr 13 15:08:16 2022,0:03:03.946532,0.16183730959892273,24.010000228881836,1.570064902305603,2.2669098377227783
Wed Apr 13 15:08:17 2022,0:03:04.982773,0.16183730959892273,24.010000228881836,1.570064902305603,2.2669098377227783
Wed Apr 13 15:08:18 2022,0:03:06.027014,0.16183730959892273,24.010000228881836,1.570064902305603,2.2669098377227783
Wed Apr 13 15:08:19 2022,0:03:07.075313,0.16264502704143524,24.010000228881836,1.5779008865356445,2.2782235145568848
Wed Apr 13 15:08:20 2022,0:03:08.121641,0.16264502704143524,24.010000228881836,1.5779008865356445,2.2782235145568848
Wed Apr 13 15:08:21 2022,0:03:09.218080,0.16264502704143524,24.010000228881836,1.5779008865356445,2.2782235145568848
Wed Apr 13 15:08:22 2022,0:03:10.245468,0.16264502704143524,24.010000228881836,1.5779008865356445,2.2782235145568848
Wed Apr 13 15:08:23 2022,0:03:11.264143,0.16264502704143524,24.010000228881836,1.5779008865356445,2.2782235145568848
Wed Apr 13 15:08:24 2022,0:03:12.331686,0.16264502704143524,24.010000228881836,1.5779008865356445,2.2782235145568848
Wed Apr 13 15:08:25 2022,0:03:13.407506,0.16264502704143524,24.010000228881836,1.5779008865356445,2.2782235145568848
Wed Apr 13 15:08:26 2022,0:03:14.604916,0.16183730959892273,24.010000228881836,1.570064902305603,2.2669098377227783
Wed Apr 13 15:08:27 2022,0:03:15.627751,0.16183730959892273,24.010000228881836,1.570064902305603,2.2669098377227783
Wed Apr 13 15:08:28 2022,0:03:16.714077,0.16183730959892273,24.010000228881836,1.570064902305603,2.2669098377227783
Wed Apr 13 15:08:29 2022,0:03:17.850775,0.16183730959892273,24.010000228881836,1.570064902305603,2.2669098377227783
Wed Apr 13 15:08:31 2022,0:03:18.909308,0.16183730959892273,24.010000228881836,1.570064902305603,2.2669098377227783
Wed Apr 13 15:08:32 2022,0:03:20.018802,0.16183730959892273,24.010000228881836,1.570064902305603,2.2669098377227783
Wed Apr 13 15:08:33 2022,0:03:21.080531,0.16183730959892273,24.010000228881836,1.570064902305603,2.2669098377227783
Wed Apr 13 15:08:34 2022,0:03:22.251242,0.16183730959892273,24.010000228881836,1.570064902305603,2.2669098377227783
Wed Apr 13 15:08:35 2022,0:03:23.289122,0.16183730959892273,24.010000228881836,1.570064902305603,2.2669098377227783
Wed Apr 13 15:08:36 2022,0:03:24.350125,0.16183730959892273,24.010000228881836,1.570064902305603,2.2669098377227783
Wed Apr 13 15:08:37 2022,0:03:25.412608,0.16195173561573029,24.029998779296875,1.5711166858673096,2.2670958042144775
Wed Apr 13 15:08:38 2022,0:03:26.516635,0.16183730959892273,24.010000228881836,1.570064902305603,2.2669098377227783
Wed Apr 13 15:08:39 2022,0:03:27.535863,0.16183730959892273,24.010000228881836,1.570064902305603,2.2669098377227783
Wed Apr 13 15:08:40 2022,0:03:28.543072,0.16195173561573029,24.029998779296875,1.5711166858673096,2.2670958042144775
Wed Apr 13 15:08:41 2022,0:03:29.598628,0.16183730959892273,24.010000228881836,1.570064902305603,2.2669098377227783
Wed Apr 13 15:08:42 2022,0:03:30.637509,0.16183730959892273,24.010000228881836,1.570064902305603,2.2669098377227783
Wed Apr 13 15:08:43 2022,0:03:31.693586,0.16183730959892273,24.010000228881836,1.570064902305603,2.2669098377227783
Wed Apr 13 15:08:45 2022,0:03:32.912313,0.16264502704143524,24.010000228881836,1.5779008865356445,2.2782235145568848
Wed Apr 13 15:08:46 2022,0:03:33.977623,0.16183730959892273,24.010000228881836,1.570064902305603,2.2669098377227783
Wed Apr 13 15:08:47 2022,0:03:35.016496,0.16195173561573029,24.029998779296875,1.5711166858673096,2.2670958042144775
Wed Apr 13 15:08:48 2022,0:03:36.059702,0.16195173561573029,24.029998779296875,1.5711166858673096,2.2670958042144775
Wed Apr 13 15:08:49 2022,0:03:37.097262,0.16195173561573029,24.029998779296875,1.5711166858673096,2.2670958042144775
Wed Apr 13 15:08:50 2022,0:03:38.165105,0.16195173561573029,24.029998779296875,1.5711166858673096,2.2670958042144775
Wed Apr 13 15:08:51 2022,0:03:39.267705,0.16195173561573029,24.029998779296875,1.5711166858673096,2.2670958042144775
Wed Apr 13 15:08:52 2022,0:03:40.494644,0.16195173561573029,24.029998779296875,1.5711166858673096,2.2670958042144775
Wed Apr 13 15:08:53 2022,0:03:41.642410,0.16195173561573029,24.029998779296875,1.5711166858673096,2.2670958042144775
Wed Apr 13 15:08:54 2022,0:03:42.719597,0.16195173561573029,24.029998779296875,1.5711166858673096,2.2670958042144775
Wed Apr 13 15:08:56 2022,0:03:44.021591,0.16195173561573029,24.029998779296875,1.5711166858673096,2.2670958042144775
Wed Apr 13 15:08:57 2022,0:03:45.133846,0.16195173561573029,24.029998779296875,1.5711166858673096,2.2670958042144775
Wed Apr 13 15:08:58 2022,0:03:46.251579,0.16195173561573029,24.029998779296875,1.5711166858673096,2.2670958042144775
Wed Apr 13 15:08:59 2022,0:03:47.332322,0.16195173561573029,24.029998779296875,1.5711166858673096,2.2670958042144775
Wed Apr 13 15:09:00 2022,0:03:48.464238,0.16195173561573029,24.029998779296875,1.5711166858673096,2.2670958042144775
Wed Apr 13 15:09:01 2022,0:03:49.608525,0.16195173561573029,24.029998779296875,1.5711166858673096,2.2670958042144775
Wed Apr 13 15:09:02 2022,0:03:50.666168,0.16195173561573029,24.029998779296875,1.5711166858673096,2.2670958042144775
Wed Apr 13 15:09:04 2022,0:03:51.896843,0.16195173561573029,24.029998779296875,1.5711166858673096,2.2670958042144775
Wed Apr 13 15:09:05 2022,0:03:52.966723,0.16195173561573029,24.029998779296875,1.5711166858673096,2.2670958042144775
Wed Apr 13 15:09:06 2022,0:03:54.028061,0.16195173561573029,24.029998779296875,1.5711166858673096,2.2670958042144775
Wed Apr 13 15:09:07 2022,0:03:55.136222,0.16195173561573029,24.029998779296875,1.5711166858673096,2.2670958042144775
Wed Apr 13 15:09:08 2022,0:03:56.109679,0.16195173561573029,24.029998779296875,1.5711166858673096,2.2670958042144775
Wed Apr 13 15:09:09 2022,0:03:57.116342,0.16114751994609833,24.029998779296875,1.5633149147033691,2.255837917327881
Wed Apr 13 15:09:10 2022,0:03:58.113571,0.16114751994609833,24.029998779296875,1.5633149147033691,2.255837917327881
Wed Apr 13 15:09:11 2022,0:03:59.066616,0.16114751994609833,24.029998779296875,1.5633149147033691,2.255837917327881
Wed Apr 13 15:09:12 2022,0:04:00.009938,0.16114751994609833,24.029998779296875,1.5633149147033691,2.255837917327881
Wed Apr 13 15:09:13 2022,0:04:01.127607,0.16195173561573029,24.029998779296875,1.5711166858673096,2.2670958042144775
Wed Apr 13 15:09:14 2022,0:04:02.283899,0.16195173561573029,24.029998779296875,1.5711166858673096,2.2670958042144775
Wed Apr 13 15:09:15 2022,0:04:03.542578,0.16195173561573029,24.029998779296875,1.5711166858673096,2.2670958042144775
Wed Apr 13 15:09:16 2022,0:04:04.631430,0.16195173561573029,24.029998779296875,1.5711166858673096,2.2670958042144775
Wed Apr 13 15:09:17 2022,0:04:05.715679,0.16195173561573029,24.029998779296875,1.5711166858673096,2.2670958042144775
Wed Apr 13 15:09:18 2022,0:04:06.850227,0.16195173561573029,24.029998779296875,1.5711166858673096,2.2670958042144775
Wed Apr 13 15:09:20 2022,0:04:08.003953,0.16195173561573029,24.029998779296875,1.5711166858673096,2.2670958042144775
Wed Apr 13 15:09:21 2022,0:04:09.139783,0.16195173561573029,24.029998779296875,1.5711166858673096,2.2670958042144775
Wed Apr 13 15:09:22 2022,0:04:10.231287,0.16195173561573029,24.029998779296875,1.5711166858673096,2.2670958042144775
Wed Apr 13 15:09:23 2022,0:04:11.260676,0.16195173561573029,24.029998779296875,1.5711166858673096,2.2670958042144775
Wed Apr 13 15:09:24 2022,0:04:12.510032,0.16195173561573029,24.029998779296875,1.5711166858673096,2.2670958042144775
Wed Apr 13 15:09:25 2022,0:04:13.682589,0.16195173561573029,24.029998779296875,1.5711166858673096,2.2670958042144775
Wed Apr 13 15:09:27 2022,0:04:14.876519,0.16195173561573029,24.029998779296875,1.5711166858673096,2.2670958042144775
Wed Apr 13 15:09:28 2022,0:04:16.032305,0.16195173561573029,24.029998779296875,1.5711166858673096,2.2670958042144775
Wed Apr 13 15:09:29 2022,0:04:17.097899,0.16195173561573029,24.029998779296875,1.5711166858673096,2.2670958042144775
Wed Apr 13 15:09:30 2022,0:04:18.199420,0.16195173561573029,24.029998779296875,1.5711166858673096,2.2670958042144775
Wed Apr 13 15:09:31 2022,0:04:19.241346,0.16195173561573029,24.029998779296875,1.5711166858673096,2.2670958042144775
Wed Apr 13 15:09:32 2022,0:04:20.380495,0.16195173561573029,24.029998779296875,1.5711166858673096,2.2670958042144775
Wed Apr 13 15:09:33 2022,0:04:21.429922,0.16195173561573029,24.029998779296875,1.5711166858673096,2.2670958042144775
Wed Apr 13 15:09:34 2022,0:04:22.481632,0.16195173561573029,24.029998779296875,1.5711166858673096,2.2670958042144775
Wed Apr 13 15:09:35 2022,0:04:23.623962,0.16195173561573029,24.029998779296875,1.5711166858673096,2.2670958042144775
Wed Apr 13 15:09:36 2022,0:04:24.773020,0.16195173561573029,24.029998779296875,1.5711166858673096,2.2670958042144775
Wed Apr 13 15:09:38 2022,0:04:25.908792,0.16195173561573029,24.029998779296875,1.5711166858673096,2.2670958042144775
Wed Apr 13 15:09:39 2022,0:04:27.021261,0.16195173561573029,24.029998779296875,1.5711166858673096,2.2670958042144775
Wed Apr 13 15:09:40 2022,0:04:28.076435,0.16195173561573029,24.029998779296875,1.5711166858673096,2.2670958042144775
Wed Apr 13 15:09:41 2022,0:04:29.209642,0.16195173561573029,24.029998779296875,1.5711166858673096,2.2670958042144775
Wed Apr 13 15:09:42 2022,0:04:30.248922,0.16195173561573029,24.029998779296875,1.5711166858673096,2.2670958042144775
Wed Apr 13 15:09:43 2022,0:04:31.366440,0.16195173561573029,24.029998779296875,1.5711166858673096,2.2670958042144775
Wed Apr 13 15:09:44 2022,0:04:32.457127,0.16195173561573029,24.029998779296875,1.5711166858673096,2.2670958042144775
Wed Apr 13 15:09:45 2022,0:04:33.545584,0.16195173561573029,24.029998779296875,1.5711166858673096,2.2670958042144775
Wed Apr 13 15:09:46 2022,0:04:34.645788,0.16195173561573029,24.029998779296875,1.5711166858673096,2.2670958042144775
Wed Apr 13 15:09:47 2022,0:04:35.714031,0.16195173561573029,24.029998779296875,1.5711166858673096,2.2670958042144775
Wed Apr 13 15:09:48 2022,0:04:36.801542,0.16195173561573029,24.029998779296875,1.5711166858673096,2.2670958042144775
Wed Apr 13 15:09:50 2022,0:04:37.956509,0.16195173561573029,24.029998779296875,1.5711166858673096,2.2670958042144775
Wed Apr 13 15:09:51 2022,0:04:39.046194,0.16195173561573029,24.029998779296875,1.5711166858673096,2.2670958042144775
Wed Apr 13 15:09:52 2022,0:04:40.125307,0.16195173561573029,24.029998779296875,1.5711166858673096,2.2670958042144775
Wed Apr 13 15:09:53 2022,0:04:41.174773,0.16195173561573029,24.029998779296875,1.5711166858673096,2.2670958042144775
Wed Apr 13 15:09:54 2022,0:04:42.365240,0.16195173561573029,24.029998779296875,1.5711166858673096,2.2670958042144775
Wed Apr 13 15:09:55 2022,0:04:43.451413,0.16195173561573029,24.029998779296875,1.5711166858673096,2.2670958042144775
Wed Apr 13 15:09:56 2022,0:04:44.538608,0.16195173561573029,24.029998779296875,1.5711166858673096,2.2670958042144775
Wed Apr 13 15:09:57 2022,0:04:45.591587,0.16195173561573029,24.029998779296875,1.5711166858673096,2.2670958042144775
Wed Apr 13 15:09:58 2022,0:04:46.648553,0.16195173561573029,24.029998779296875,1.5711166858673096,2.2670958042144775
Wed Apr 13 15:09:59 2022,0:04:47.846160,0.16195173561573029,24.029998779296875,1.5711166858673096,2.2670958042144775
Wed Apr 13 15:10:01 2022,0:04:48.968392,0.16195173561573029,24.029998779296875,1.5711166858673096,2.2670958042144775
Wed Apr 13 15:10:02 2022,0:04:50.170539,0.16195173561573029,24.029998779296875,1.5711166858673096,2.2670958042144775
Wed Apr 13 15:10:03 2022,0:04:51.266011,0.16195173561573029,24.029998779296875,1.5711166858673096,2.2670958042144775
Wed Apr 13 15:10:04 2022,0:04:52.372333,0.16195173561573029,24.029998779296875,1.5711166858673096,2.2670958042144775
Wed Apr 13 15:10:05 2022,0:04:53.457834,0.16195173561573029,24.029998779296875,1.5711166858673096,2.2670958042144775
Wed Apr 13 15:10:06 2022,0:04:54.519449,0.16195173561573029,24.029998779296875,1.5711166858673096,2.2670958042144775
Wed Apr 13 15:10:07 2022,0:04:55.615082,0.16195173561573029,24.029998779296875,1.5711166858673096,2.2670958042144775
Wed Apr 13 15:10:08 2022,0:04:56.699049,0.16195173561573029,24.029998779296875,1.5711166858673096,2.2670958042144775
Wed Apr 13 15:10:09 2022,0:04:57.809151,0.16195173561573029,24.029998779296875,1.5711166858673096,2.2670958042144775
Wed Apr 13 15:10:11 2022,0:04:58.942633,0.16195173561573029,24.029998779296875,1.5711166858673096,2.2670958042144775
Wed Apr 13 15:10:12 2022,0:05:00.062487,0.16195173561573029,24.029998779296875,1.5711166858673096,2.2670958042144775
Wed Apr 13 15:10:13 2022,0:05:01.183299,0.16195173561573029,24.029998779296875,1.5711166858673096,2.2670958042144775
Wed Apr 13 15:10:14 2022,0:05:02.325751,0.16195173561573029,24.029998779296875,1.5711166858673096,2.2670958042144775
Wed Apr 13 15:10:15 2022,0:05:03.397346,0.16195173561573029,24.029998779296875,1.5711166858673096,2.2670958042144775
Wed Apr 13 15:10:16 2022,0:05:04.484596,0.1627599596977234,24.029998779296875,1.5789575576782227,2.278409957885742
Wed Apr 13 15:10:17 2022,0:05:05.576411,0.16195173561573029,24.029998779296875,1.5711166858673096,2.2670958042144775
Wed Apr 13 15:10:18 2022,0:05:06.660117,0.16195173561573029,24.029998779296875,1.5711166858673096,2.2670958042144775
Wed Apr 13 15:10:19 2022,0:05:07.812742,0.16195173561573029,24.029998779296875,1.5711166858673096,2.2670958042144775
Wed Apr 13 15:10:21 2022,0:05:08.959586,0.16195173561573029,24.029998779296875,1.5711166858673096,2.2670958042144775
Wed Apr 13 15:10:22 2022,0:05:10.045523,0.16195173561573029,24.029998779296875,1.5711166858673096,2.2670958042144775
Wed Apr 13 15:10:23 2022,0:05:11.327822,0.16195173561573029,24.029998779296875,1.5711166858673096,2.2670958042144775
Wed Apr 13 15:10:24 2022,0:05:12.432486,0.16195173561573029,24.029998779296875,1.5711166858673096,2.2670958042144775
Wed Apr 13 15:10:25 2022,0:05:13.539903,0.16114751994609833,24.029998779296875,1.5633149147033691,2.255837917327881
Wed Apr 13 15:10:26 2022,0:05:14.624236,0.16195173561573029,24.029998779296875,1.5711166858673096,2.2670958042144775
Wed Apr 13 15:10:27 2022,0:05:15.681453,0.16195173561573029,24.029998779296875,1.5711166858673096,2.2670958042144775
Wed Apr 13 15:10:28 2022,0:05:16.748358,0.16195173561573029,24.029998779296875,1.5711166858673096,2.2670958042144775
Wed Apr 13 15:10:30 2022,0:05:17.860494,0.16195173561573029,24.029998779296875,1.5711166858673096,2.2670958042144775
Wed Apr 13 15:10:31 2022,0:05:18.932491,0.16195173561573029,24.029998779296875,1.5711166858673096,2.2670958042144775
Wed Apr 13 15:10:32 2022,0:05:19.971585,0.16195173561573029,24.029998779296875,1.5711166858673096,2.2670958042144775
Wed Apr 13 15:10:33 2022,0:05:21.030100,0.16195173561573029,24.029998779296875,1.5711166858673096,2.2670958042144775
Wed Apr 13 15:10:34 2022,0:05:22.114974,0.16195173561573029,24.029998779296875,1.5711166858673096,2.2670958042144775
Wed Apr 13 15:10:35 2022,0:05:23.159965,0.16195173561573029,24.029998779296875,1.5711166858673096,2.2670958042144775
Wed Apr 13 15:10:36 2022,0:05:24.289748,0.16195173561573029,24.029998779296875,1.5711166858673096,2.2670958042144775
Wed Apr 13 15:10:37 2022,0:05:25.389928,0.16195173561573029,24.029998779296875,1.5711166858673096,2.2670958042144775
Wed Apr 13 15:10:38 2022,0:05:26.476723,0.16195173561573029,24.029998779296875,1.5711166858673096,2.2670958042144775
Wed Apr 13 15:10:39 2022,0:05:27.555917,0.16195173561573029,24.029998779296875,1.5711166858673096,2.2670958042144775
Wed Apr 13 15:10:40 2022,0:05:28.667570,0.16195173561573029,24.029998779296875,1.5711166858673096,2.2670958042144775
Wed Apr 13 15:10:41 2022,0:05:29.749079,0.16195173561573029,24.029998779296875,1.5711166858673096,2.2670958042144775
Wed Apr 13 15:10:42 2022,0:05:30.840327,0.16195173561573029,24.029998779296875,1.5711166858673096,2.2670958042144775
Wed Apr 13 15:10:44 2022,0:05:31.975345,0.16195173561573029,24.029998779296875,1.5711166858673096,2.2670958042144775
Wed Apr 13 15:10:45 2022,0:05:33.095164,0.16195173561573029,24.029998779296875,1.5711166858673096,2.2670958042144775
Wed Apr 13 15:10:46 2022,0:05:34.223375,0.16195173561573029,24.029998779296875,1.5711166858673096,2.2670958042144775
Wed Apr 13 15:10:47 2022,0:05:35.365536,0.16195173561573029,24.029998779296875,1.5711166858673096,2.2670958042144775
Wed Apr 13 15:10:48 2022,0:05:36.449495,0.16195173561573029,24.029998779296875,1.5711166858673096,2.2670958042144775
Wed Apr 13 15:10:49 2022,0:05:37.586822,0.16195173561573029,24.029998779296875,1.5711166858673096,2.2670958042144775
Wed Apr 13 15:10:50 2022,0:05:38.747473,0.16195173561573029,24.029998779296875,1.5711166858673096,2.2670958042144775
Wed Apr 13 15:10:52 2022,0:05:39.887252,0.16195173561573029,24.029998779296875,1.5711166858673096,2.2670958042144775
Wed Apr 13 15:10:53 2022,0:05:41.292020,0.16195173561573029,24.029998779296875,1.5711166858673096,2.2670958042144775
Wed Apr 13 15:10:54 2022,0:05:42.434899,0.16195173561573029,24.029998779296875,1.5711166858673096,2.2670958042144775
Wed Apr 13 15:10:55 2022,0:05:43.560777,0.16195173561573029,24.029998779296875,1.5711166858673096,2.2670958042144775
Wed Apr 13 15:10:56 2022,0:05:44.685022,0.16195173561573029,24.029998779296875,1.5711166858673096,2.2670958042144775
Wed Apr 13 15:10:57 2022,0:05:45.817048,0.16195173561573029,24.029998779296875,1.5711166858673096,2.2670958042144775
Wed Apr 13 15:10:59 2022,0:05:46.905091,0.16195173561573029,24.029998779296875,1.5711166858673096,2.2670958042144775
Wed Apr 13 15:11:00 2022,0:05:48.012006,0.16195173561573029,24.029998779296875,1.5711166858673096,2.2670958042144775
Wed Apr 13 15:11:01 2022,0:05:49.093385,0.16195173561573029,24.029998779296875,1.5711166858673096,2.2670958042144775
Wed Apr 13 15:11:02 2022,0:05:50.231022,0.16195173561573029,24.029998779296875,1.5711166858673096,2.2670958042144775
Wed Apr 13 15:11:03 2022,0:05:51.399259,0.16195173561573029,24.029998779296875,1.5711166858673096,2.2670958042144775
Wed Apr 13 15:11:04 2022,0:05:52.439670,0.16195173561573029,24.029998779296875,1.5711166858673096,2.2670958042144775
Wed Apr 13 15:11:05 2022,0:05:53.506930,0.16195173561573029,24.029998779296875,1.5711166858673096,2.2670958042144775
Wed Apr 13 15:11:06 2022,0:05:54.529376,0.16195173561573029,24.029998779296875,1.5711166858673096,2.2670958042144775
Wed Apr 13 15:11:07 2022,0:05:55.601323,0.16195173561573029,24.029998779296875,1.5711166858673096,2.2670958042144775
Wed Apr 13 15:11:08 2022,0:05:56.638224,0.16195173561573029,24.029998779296875,1.5711166858673096,2.2670958042144775
Wed Apr 13 15:11:09 2022,0:05:57.661074,0.16195173561573029,24.029998779296875,1.5711166858673096,2.2670958042144775
Wed Apr 13 15:11:10 2022,0:05:58.700433,0.16195173561573029,24.029998779296875,1.5711166858673096,2.2670958042144775
Wed Apr 13 15:11:11 2022,0:05:59.802779,0.16195173561573029,24.029998779296875,1.5711166858673096,2.2670958042144775
Wed Apr 13 15:11:13 2022,0:06:00.956769,0.16195173561573029,24.029998779296875,1.5711166858673096,2.2670958042144775
Wed Apr 13 15:11:14 2022,0:06:02.055926,0.16195173561573029,24.029998779296875,1.5711166858673096,2.2670958042144775
Wed Apr 13 15:11:15 2022,0:06:03.133745,0.16195173561573029,24.029998779296875,1.5711166858673096,2.2670958042144775
Wed Apr 13 15:11:16 2022,0:06:04.190529,0.16195173561573029,24.029998779296875,1.5711166858673096,2.2670958042144775
Wed Apr 13 15:11:17 2022,0:06:05.270720,0.16195173561573029,24.029998779296875,1.5711166858673096,2.2670958042144775
Wed Apr 13 15:11:18 2022,0:06:06.341738,0.16195173561573029,24.029998779296875,1.5711166858673096,2.2670958042144775
Wed Apr 13 15:11:19 2022,0:06:07.433142,0.16195173561573029,24.029998779296875,1.5711166858673096,2.2670958042144775
Wed Apr 13 15:11:20 2022,0:06:08.466285,0.16195173561573029,24.029998779296875,1.5711166858673096,2.2670958042144775
Wed Apr 13 15:11:21 2022,0:06:09.616978,0.16195173561573029,24.029998779296875,1.5711166858673096,2.2670958042144775
Wed Apr 13 15:11:22 2022,0:06:10.661636,0.16195173561573029,24.029998779296875,1.5711166858673096,2.2670958042144775
Wed Apr 13 15:11:23 2022,0:06:11.806038,0.1615496277809143,24.029998779296875,1.5672158002853394,2.261466860771179
Wed Apr 13 15:11:24 2022,0:06:12.844654,0.16195173561573029,24.029998779296875,1.5711166858673096,2.2670958042144775
Wed Apr 13 15:11:26 2022,0:06:13.904152,0.16195173561573029,24.029998779296875,1.5711166858673096,2.2670958042144775
Wed Apr 13 15:11:27 2022,0:06:14.909535,0.16195173561573029,24.029998779296875,1.5711166858673096,2.2670958042144775
Wed Apr 13 15:11:28 2022,0:06:15.935045,0.16114751994609833,24.029998779296875,1.5633149147033691,2.255837917327881
Wed Apr 13 15:11:29 2022,0:06:16.976866,0.16195173561573029,24.029998779296875,1.5711166858673096,2.2670958042144775
Wed Apr 13 15:11:30 2022,0:06:17.979195,0.16114751994609833,24.029998779296875,1.5633149147033691,2.255837917327881
Wed Apr 13 15:11:31 2022,0:06:19.014129,0.16195173561573029,24.029998779296875,1.5711166858673096,2.2670958042144775
Wed Apr 13 15:11:32 2022,0:06:20.028051,0.16195173561573029,24.029998779296875,1.5711166858673096,2.2670958042144775
Wed Apr 13 15:11:33 2022,0:06:21.048771,0.16195173561573029,24.029998779296875,1.5711166858673096,2.2670958042144775
Wed Apr 13 15:11:34 2022,0:06:22.071744,0.16195173561573029,24.029998779296875,1.5711166858673096,2.2670958042144775
Wed Apr 13 15:11:35 2022,0:06:23.090782,0.16195173561573029,24.029998779296875,1.5711166858673096,2.2670958042144775
Wed Apr 13 15:11:36 2022,0:06:24.172840,0.16195173561573029,24.029998779296875,1.5711166858673096,2.2670958042144775
Wed Apr 13 15:11:37 2022,0:06:25.244654,0.16195173561573029,24.029998779296875,1.5711166858673096,2.2670958042144775
Wed Apr 13 15:11:38 2022,0:06:26.265125,0.16195173561573029,24.029998779296875,1.5711166858673096,2.2670958042144775
Wed Apr 13 15:11:39 2022,0:06:27.291711,0.16195173561573029,24.029998779296875,1.5711166858673096,2.2670958042144775
Wed Apr 13 15:11:40 2022,0:06:28.298896,0.16195173561573029,24.029998779296875,1.5711166858673096,2.2670958042144775
Wed Apr 13 15:11:41 2022,0:06:29.333291,0.16200900077819824,24.03999900817871,1.5716432332992554,2.267188787460327
Wed Apr 13 15:11:42 2022,0:06:30.397752,0.161204531788826,24.03999900817871,1.5638391971588135,2.2559309005737305
Wed Apr 13 15:11:43 2022,0:06:31.451745,0.16114751994609833,24.029998779296875,1.5633149147033691,2.255837917327881
Wed Apr 13 15:11:44 2022,0:06:32.524035,0.16114751994609833,24.029998779296875,1.5633149147033691,2.255837917327881
Wed Apr 13 15:11:45 2022,0:06:33.582681,0.16114751994609833,24.029998779296875,1.5633149147033691,2.255837917327881
Wed Apr 13 15:11:46 2022,0:06:34.676145,0.161204531788826,24.03999900817871,1.5638391971588135,2.2559309005737305
Wed Apr 13 15:11:47 2022,0:06:35.734075,0.161204531788826,24.03999900817871,1.5638391971588135,2.2559309005737305
Wed Apr 13 15:11:48 2022,0:06:36.805168,0.16157826036214828,24.034998893737793,1.5674790740013123,2.261513352394104
Wed Apr 13 15:11:50 2022,0:06:38.025262,0.16195173561573029,24.029998779296875,1.5711166858673096,2.2670958042144775
Wed Apr 13 15:11:51 2022,0:06:39.060079,0.16195173561573029,24.029998779296875,1.5711166858673096,2.2670958042144775
Wed Apr 13 15:11:52 2022,0:06:40.135363,0.16195173561573029,24.029998779296875,1.5711166858673096,2.2670958042144775
Wed Apr 13 15:11:53 2022,0:06:41.154774,0.16195173561573029,24.029998779296875,1.5711166858673096,2.2670958042144775
Wed Apr 13 15:11:54 2022,0:06:42.210247,0.16200900077819824,24.03999900817871,1.5716432332992554,2.267188787460327
Wed Apr 13 15:11:55 2022,0:06:43.309295,0.16195173561573029,24.029998779296875,1.5711166858673096,2.2670958042144775
Wed Apr 13 15:11:56 2022,0:06:44.368918,0.161204531788826,24.03999900817871,1.5638391971588135,2.2559309005737305
Wed Apr 13 15:11:57 2022,0:06:45.511282,0.16114751994609833,24.029998779296875,1.5633149147033691,2.255837917327881
Wed Apr 13 15:11:58 2022,0:06:46.591050,0.16114751994609833,24.029998779296875,1.5633149147033691,2.255837917327881
Wed Apr 13 15:11:59 2022,0:06:47.680374,0.16114751994609833,24.029998779296875,1.5633149147033691,2.255837917327881
Wed Apr 13 15:12:00 2022,0:06:48.809319,0.16241325438022614,24.03999900817871,1.5755648612976074,2.272845983505249
Wed Apr 13 15:12:02 2022,0:06:49.897492,0.16195173561573029,24.029998779296875,1.5711166858673096,2.2670958042144775
Wed Apr 13 15:12:03 2022,0:06:50.938686,0.1627599596977234,24.029998779296875,1.5789575576782227,2.278409957885742
Wed Apr 13 15:12:04 2022,0:06:51.980348,0.16195173561573029,24.029998779296875,1.5711166858673096,2.2670958042144775
Wed Apr 13 15:12:05 2022,0:06:53.064915,0.16195173561573029,24.029998779296875,1.5711166858673096,2.2670958042144775
Wed Apr 13 15:12:06 2022,0:06:54.084795,0.16200900077819824,24.03999900817871,1.5716432332992554,2.267188787460327
Wed Apr 13 15:12:07 2022,0:06:55.138620,0.16200900077819824,24.03999900817871,1.5716432332992554,2.267188787460327
Wed Apr 13 15:12:08 2022,0:06:56.207736,0.16195173561573029,24.029998779296875,1.5711166858673096,2.2670958042144775
Wed Apr 13 15:12:09 2022,0:06:57.236886,0.16200900077819824,24.03999900817871,1.5716432332992554,2.267188787460327
Wed Apr 13 15:12:10 2022,0:06:58.304140,0.16200900077819824,24.03999900817871,1.5716432332992554,2.267188787460327
Wed Apr 13 15:12:11 2022,0:06:59.344052,0.16200900077819824,24.03999900817871,1.5716432332992554,2.267188787460327
Wed Apr 13 15:12:12 2022,0:07:00.400380,0.16114751994609833,24.029998779296875,1.5633149147033691,2.255837917327881
Wed Apr 13 15:12:13 2022,0:07:01.410976,0.161204531788826,24.03999900817871,1.5638391971588135,2.2559309005737305
Wed Apr 13 15:12:14 2022,0:07:02.443820,0.16114751994609833,24.029998779296875,1.5633149147033691,2.255837917327881
Wed Apr 13 15:12:15 2022,0:07:03.499272,0.161204531788826,24.03999900817871,1.5638391971588135,2.2559309005737305
Wed Apr 13 15:12:16 2022,0:07:04.526659,0.161204531788826,24.03999900817871,1.5638391971588135,2.2559309005737305
Wed Apr 13 15:12:17 2022,0:07:05.702679,0.161204531788826,24.03999900817871,1.5638391971588135,2.2559309005737305
Wed Apr 13 15:12:18 2022,0:07:06.745950,0.161204531788826,24.03999900817871,1.5638391971588135,2.2559309005737305
Wed Apr 13 15:12:20 2022,0:07:07.883091,0.16114751994609833,24.029998779296875,1.5633149147033691,2.255837917327881
Wed Apr 13 15:12:21 2022,0:07:08.980252,0.16114751994609833,24.029998779296875,1.5633149147033691,2.255837917327881
Wed Apr 13 15:12:22 2022,0:07:10.100773,0.161204531788826,24.03999900817871,1.5638391971588135,2.2559309005737305
Wed Apr 13 15:12:23 2022,0:07:11.159110,0.16200900077819824,24.03999900817871,1.5716432332992554,2.267188787460327
Wed Apr 13 15:12:24 2022,0:07:12.284876,0.16195173561573029,24.029998779296875,1.5711166858673096,2.2670958042144775
Wed Apr 13 15:12:25 2022,0:07:13.409438,0.16195173561573029,24.029998779296875,1.5711166858673096,2.2670958042144775
Wed Apr 13 15:12:26 2022,0:07:14.489204,0.16200900077819824,24.03999900817871,1.5716432332992554,2.267188787460327
Wed Apr 13 15:12:27 2022,0:07:15.550782,0.16195173561573029,24.029998779296875,1.5711166858673096,2.2670958042144775
Wed Apr 13 15:12:28 2022,0:07:16.642060,0.16195173561573029,24.029998779296875,1.5711166858673096,2.2670958042144775
Wed Apr 13 15:12:29 2022,0:07:17.698438,0.16195173561573029,24.029998779296875,1.5711166858673096,2.2670958042144775
Wed Apr 13 15:12:30 2022,0:07:18.816010,0.16195173561573029,24.029998779296875,1.5711166858673096,2.2670958042144775
Wed Apr 13 15:12:32 2022,0:07:19.972338,0.16200900077819824,24.03999900817871,1.5716432332992554,2.267188787460327
Wed Apr 13 15:12:33 2022,0:07:21.136524,0.16195173561573029,24.029998779296875,1.5711166858673096,2.2670958042144775
Wed Apr 13 15:12:34 2022,0:07:22.230764,0.16195173561573029,24.029998779296875,1.5711166858673096,2.2670958042144775
Wed Apr 13 15:12:35 2022,0:07:23.327249,0.16195173561573029,24.029998779296875,1.5711166858673096,2.2670958042144775
Wed Apr 13 15:12:36 2022,0:07:24.436381,0.16195173561573029,24.029998779296875,1.5711166858673096,2.2670958042144775
Wed Apr 13 15:12:37 2022,0:07:25.574322,0.16195173561573029,24.029998779296875,1.5711166858673096,2.2670958042144775
Wed Apr 13 15:12:38 2022,0:07:26.806476,0.16195173561573029,24.029998779296875,1.5711166858673096,2.2670958042144775
Wed Apr 13 15:12:40 2022,0:07:27.943248,0.16195173561573029,24.029998779296875,1.5711166858673096,2.2670958042144775
Wed Apr 13 15:12:41 2022,0:07:29.044745,0.16200900077819824,24.03999900817871,1.5716432332992554,2.267188787460327
Wed Apr 13 15:12:42 2022,0:07:30.313707,0.16281750798225403,24.03999900817871,1.5794864892959595,2.278503179550171
